points,TRACK_800,TRACK_1000,TRACK_1500,TRACK_1MILE,TRACK_2000,TRACK_3000,TRACK_2MILES,TRACK_5000,TRACK_10000,TRACK_3000SC
1,187.80,246.80,399.60,422.70,557.10,871.20,943.80,1558.20,3355.40,1038.60
2,187.70,246.60,399.30,422.40,557.00,870.40,943.00,1557.00,3352.40,1037.60
3,187.50,246.40,399.00,422.00,556.60,869.80,942.20,1555.60,3349.40,1036.60
4,187.40,246.20,398.70,421.70,556.00,869.00,941.40,1554.20,3346.20,1035.60
5,187.20,246.00,398.40,421.40,555.60,868.40,940.80,1552.80,3343.20,1034.60
6,187.10,245.80,398.00,421.10,555.20,867.60,940.00,1551.60,3340.20,1033.40
7,187.00,245.60,397.70,420.80,554.80,867.00,939.20,1550.20,3337.20,1032.40
8,186.80,245.40,397.40,420.40,554.20,866.20,938.40,1548.80,3334.00,1031.40
9,186.70,245.20,397.10,420.10,553.80,865.60,937.60,1547.40,3331.00,1030.40
10,186.50,245.00,396.70,419.80,553.40,865.00,936.80,1546.20,3328.00,1029.40
11,186.40,244.80,396.40,419.50,553.00,864.20,936.20,1544.80,3325.00,1028.40
12,186.20,244.60,396.10,419.20,552.60,863.40,935.40,1543.40,3322.00,1027.40
13,186.10,244.40,395.80,418.80,552.00,862.80,934.60,1542.20,3319.00,1026.40
14,186.00,244.20,395.50,418.50,551.60,862.20,933.80,1540.80,3316.00,1025.40
15,185.80,244.00,395.10,418.20,551.20,861.40,933.20,1539.60,3313.00,1024.40
16,185.70,243.80,394.80,417.90,550.80,860.80,932.40,1538.20,3310.00,1023.40
17,185.60,243.60,394.50,417.60,550.20,860.00,931.60,1536.80,3307.00,1022.40
18,185.40,243.50,394.20,417.30,549.80,859.40,930.80,1535.00,3304.00,1021.40
19,185.20,243.40,393.90,416.90,549.40,858.60,930.20,1534.20,3301.00,1020.40
20,185.10,243.20,393.60,416.60,549.00,858.00,929.40,1532.80,3298.00,1019.40
21,185.00,243.00,393.30,416.30,548.40,857.40,928.60,1531.60,3295.00,1018.40
22,184.80,242.80,393.00,416.00,548.00,856.60,927.80,1530.20,3292.20,1017.40
23,184.70,242.60,392.70,415.70,547.60,856.00,927.20,1529.00,3289.20,1016.40
24,184.60,242.40,392.30,415.40,547.20,855.20,926.40,1527.60,3286.20,1015.40
25,184.40,242.20,392.00,415.10,546.80,854.60,925.60,1526.40,3283.20,1014.40
26,184.30,242.00,391.70,414.70,546.40,854.00,925.00,1525.00,3280.40,1013.40
27,184.10,241.80,391.40,414.40,545.80,853.20,924.20,1523.80,3277.40,1012.60
28,184.00,241.60,391.10,414.10,545.40,852.60,923.40,1522.40,3274.40,1011.60
29,183.90,241.40,390.80,413.80,545.00,851.80,922.60,1521.20,3271.60,1010.60
30,183.70,241.20,390.40,413.50,544.60,851.20,922.00,1519.80,3268.60,1009.60
31,183.60,241.10,390.10,413.20,544.20,850.40,921.20,1518.60,3265.60,1008.60
32,183.50,241.00,389.80,412.90,543.60,849.80,920.40,1517.20,3262.80,1007.60
33,183.30,240.80,389.40,412.60,543.20,849.20,919.80,1516.00,3259.80,1006.60
34,183.20,240.60,389.10,412.30,542.80,848.60,919.00,1514.80,3257.00,1005.80
35,183.10,240.40,388.80,412.00,542.40,847.80,918.20,1513.40,3254.20,1004.80
36,183.00,240.20,388.50,411.70,542.00,847.20,917.60,1512.20,3251.20,1003.80
37,182.80,240.00,388.20,411.40,541.60,846.40,916.80,1510.80,3248.40,1002.80
38,182.70,239.80,387.90,411.00,541.00,845.80,916.20,1509.60,3245.40,1001.80
39,182.50,239.60,387.60,410.70,540.60,845.20,915.40,1508.40,3242.60,1000.80
40,182.40,239.40,387.30,410.40,540.20,844.60,914.60,1507.00,3239.60,1000.00
41,182.30,239.20,387.00,410.10,539.80,843.80,914.00,1505.80,3236.80,999.00
42,182.10,239.10,386.70,409.80,539.40,843.20,913.20,1504.60,3234.00,998.00
43,182.00,239.00,386.40,409.50,539.00,842.60,912.40,1503.20,3231.20,997.00
44,181.90,238.80,386.10,409.20,538.60,841.80,911.80,1502.00,3228.20,996.20
45,181.80,238.60,385.80,408.90,538.00,841.20,911.00,1500.80,3225.40,995.20
46,181.60,238.40,385.50,408.60,537.60,840.60,910.40,1499.40,3222.60,994.20
47,181.50,238.20,385.20,408.30,537.20,840.00,909.60,1498.20,3219.80,993.40
48,181.40,238.00,384.90,408.00,536.80,839.20,908.80,1497.00,3216.80,992.40
49,181.20,237.80,384.60,407.70,536.40,838.60,908.20,1495.60,3214.00,991.40
50,181.10,237.60,384.30,407.40,536.00,838.00,907.40,1494.40,3211.20,990.40
51,181.00,237.50,384.00,407.10,535.60,837.20,906.80,1493.20,3208.40,989.40
52,180.80,237.40,383.70,406.80,535.20,836.60,906.00,1492.00,3205.60,988.40
53,180.70,237.20,383.40,406.50,534.80,836.00,905.40,1490.80,3202.80,987.60
54,180.50,237.00,383.10,406.20,534.40,835.40,904.60,1489.40,3200.00,986.60
55,180.40,236.80,382.80,405.90,534.00,834.60,904.00,1488.20,3197.20,985.80
56,180.30,236.60,382.50,405.60,533.40,834.00,903.20,1487.00,3194.40,984.80
57,180.10,236.40,382.20,405.30,533.00,833.40,902.60,1485.80,3191.60,984.00
58,180.00,236.20,381.90,405.00,532.60,832.80,901.80,1484.60,3188.80,983.00
59,179.80,236.00,381.60,404.70,532.20,832.20,901.20,1483.20,3186.00,982.20
60,179.70,235.90,381.30,404.40,531.80,831.60,900.40,1482.00,3183.40,981.20
61,179.60,235.80,381.10,404.10,531.40,831.00,899.80,1480.80,3180.60,980.20
62,179.50,235.60,380.80,403.80,531.00,830.20,899.00,1479.60,3177.80,979.40
63,179.30,235.40,380.50,403.50,530.60,829.60,898.40,1478.40,3175.00,978.40
64,179.20,235.20,380.20,403.20,530.20,828.80,897.60,1477.20,3172.40,977.60
65,179.10,235.00,379.90,402.90,529.80,828.20,897.00,1476.00,3169.60,976.60
66,179.00,234.90,379.60,402.60,529.40,827.60,896.20,1474.80,3166.80,975.80
67,178.80,234.70,379.30,402.40,529.00,827.00,895.60,1473.60,3164.00,974.80
68,178.70,234.60,379.00,402.10,528.60,826.40,894.80,1472.20,3161.40,974.00
69,178.60,234.40,378.70,401.80,528.00,825.80,894.20,1471.00,3158.60,973.00
70,178.50,234.20,378.40,401.50,527.60,825.20,893.40,1469.80,3155.80,972.20
71,178.30,234.00,378.10,401.20,527.20,824.40,892.80,1468.60,3153.20,971.20
72,178.20,233.90,377.80,400.90,526.80,823.80,892.00,1467.40,3150.40,970.40
73,178.10,233.70,377.50,400.60,526.40,823.20,891.40,1466.20,3147.80,969.40
74,178.00,233.50,377.20,400.30,526.00,822.60,890.60,1465.00,3145.00,968.60
75,177.80,233.30,376.90,400.00,525.60,822.00,890.00,1463.80,3142.40,967.60
76,177.70,233.20,376.60,399.70,525.20,821.20,889.40,1462.60,3139.60,966.80
77,177.60,233.00,376.30,399.40,524.80,820.60,888.60,1461.40,3137.00,965.80
78,177.40,232.80,376.00,399.20,524.40,820.00,888.00,1460.20,3134.20,965.00
79,177.30,232.70,375.70,398.90,524.00,819.40,887.20,1459.00,3131.60,964.00
80,177.20,232.50,375.40,398.60,523.60,818.80,886.60,1457.80,3128.80,963.20
81,177.10,232.30,375.20,398.30,523.20,818.20,885.80,1456.60,3126.20,962.20
82,177.00,232.20,374.90,398.00,522.80,817.60,885.20,1455.60,3123.60,961.40
83,176.90,232.00,374.60,397.70,522.40,817.00,884.60,1454.40,3121.00,960.60
84,176.70,231.80,374.30,397.40,522.00,816.40,883.80,1453.20,3118.20,959.60
85,176.60,231.60,374.00,397.10,521.60,815.80,883.20,1452.00,3115.60,958.80
86,176.40,231.50,373.70,396.90,521.20,815.20,882.60,1450.80,3113.00,958.00
87,176.30,231.30,373.40,396.60,520.80,814.40,881.80,1449.60,3110.40,957.00
88,176.20,231.10,373.10,396.30,520.40,813.80,881.20,1448.40,3107.60,956.20
89,176.10,231.00,372.80,396.00,520.00,813.20,880.60,1447.20,3105.00,955.20
90,176.00,230.80,372.60,395.70,519.60,812.60,879.80,1446.00,3102.40,954.40
91,175.80,230.60,372.30,395.40,519.20,812.00,879.20,1445.00,3099.80,953.60
92,175.70,230.50,372.00,395.20,518.80,811.40,878.60,1443.80,3097.20,952.60
93,175.60,230.30,371.70,394.90,518.40,810.80,877.80,1442.60,3094.60,951.80
94,175.40,230.10,371.50,394.60,518.00,810.20,877.20,1441.40,3092.00,951.00
95,175.30,230.00,371.20,394.30,517.60,809.60,876.60,1440.20,3089.40,950.00
96,175.20,229.80,370.90,394.00,517.20,809.00,875.80,1439.20,3086.80,949.20
97,175.10,229.60,370.60,393.70,517.00,808.40,875.20,1438.00,3084.20,948.40
98,175.00,229.50,370.40,393.50,516.60,807.80,874.60,1436.80,3081.60,947.60
99,174.80,229.30,370.10,393.20,516.20,807.20,873.80,1435.60,3079.00,946.60
100,174.70,229.10,369.80,392.90,515.80,806.60,873.20,1434.40,3076.40,945.80
101,174.60,229.00,369.50,392.60,515.40,806.00,872.60,1433.40,3073.80,945.00
102,174.50,228.80,369.20,392.30,515.00,805.40,871.80,1432.20,3071.20,944.00
103,174.30,228.60,369.00,392.10,514.60,804.80,871.20,1431.00,3068.60,943.20
104,174.20,228.50,368.70,391.80,514.20,804.20,870.60,1429.80,3066.00,942.40
105,174.10,228.30,368.40,391.50,513.80,803.60,870.00,1428.80,3063.40,941.60
106,174.00,228.20,368.10,391.20,513.40,803.00,869.20,1427.60,3060.80,940.60
107,173.80,228.00,367.80,391.00,513.00,802.40,868.60,1426.40,3058.40,939.80
108,173.70,227.80,367.50,390.70,512.60,801.80,868.00,1425.40,3055.80,939.00
109,173.60,227.70,367.20,390.40,512.20,801.20,867.40,1424.20,3053.20,938.20
110,173.50,227.50,367.00,390.10,511.80,800.60,866.60,1423.00,3050.60,937.40
111,173.40,227.30,366.70,389.80,511.40,800.00,866.00,1422.00,3048.20,936.40
112,173.20,227.20,366.40,389.60,511.00,799.40,865.40,1420.80,3045.60,935.60
113,173.10,227.00,366.10,389.30,510.80,798.80,864.80,1419.60,3043.00,934.80
114,173.00,226.90,365.90,389.00,510.40,798.20,864.00,1418.60,3040.60,934.00
115,172.90,226.70,365.60,388.80,510.00,797.60,863.40,1417.40,3038.00,933.20
116,172.80,226.50,365.40,388.50,509.60,797.00,862.80,1416.20,3035.60,932.40
117,172.60,226.40,365.10,388.20,509.20,796.40,862.20,1415.20,3033.00,931.40
118,172.50,226.20,364.80,387.90,508.80,796.00,861.40,1414.00,3030.40,930.60
119,172.40,226.00,364.60,387.70,508.40,795.40,860.80,1413.00,3028.00,929.80
120,172.30,225.90,364.30,387.40,508.00,794.80,860.20,1411.80,3025.40,929.00
121,172.20,225.70,364.00,387.10,507.60,794.20,859.60,1410.60,3023.00,928.20
122,172.00,225.60,363.80,386.80,507.20,793.60,859.00,1409.60,3020.40,927.40
123,171.90,225.40,363.50,386.60,507.00,793.00,858.20,1408.40,3018.00,926.60
124,171.80,225.20,363.20,386.30,506.60,792.40,857.60,1407.40,3015.60,925.80
125,171.70,225.10,363.00,386.00,506.20,791.80,857.00,1406.20,3013.00,925.00
126,171.60,224.90,362.70,385.80,505.80,791.20,856.40,1405.20,3010.60,924.20
127,171.50,224.80,362.40,385.50,505.40,790.60,855.80,1404.00,3008.00,923.20
128,171.30,224.60,362.10,385.20,505.00,790.00,855.20,1403.00,3005.60,922.40
129,171.20,224.40,361.90,385.00,504.60,789.60,854.40,1401.80,3003.20,921.60
130,171.10,224.30,361.60,384.70,504.20,789.00,853.80,1400.80,3000.60,920.80
131,171.00,224.10,361.30,384.40,504.00,788.40,853.20,1399.60,2998.20,920.00
132,170.80,224.00,361.10,384.10,503.60,787.80,852.60,1398.60,2995.60,919.20
133,170.70,223.80,360.80,383.90,503.20,787.20,852.00,1397.40,2993.20,918.40
134,170.60,223.70,360.50,383.60,502.80,786.60,851.40,1396.40,2990.80,917.60
135,170.50,223.50,360.30,383.40,502.40,786.00,850.80,1395.20,2988.40,916.80
136,170.40,223.30,360.00,383.10,502.00,785.40,850.00,1394.20,2986.00,916.00
137,170.30,223.20,359.70,382.80,501.60,784.80,849.40,1393.20,2983.60,915.20
138,170.20,223.00,359.50,382.60,501.40,784.20,848.80,1392.00,2981.00,914.40
139,170.00,222.90,359.20,382.30,501.00,783.80,848.20,1391.00,2978.60,913.60
140,169.90,222.70,358.90,382.00,500.60,783.20,847.60,1389.80,2976.20,912.80
141,169.80,222.60,358.70,381.80,500.20,782.60,847.00,1388.80,2973.80,912.00
142,169.70,222.40,358.40,381.50,499.80,782.00,846.40,1387.60,2971.40,911.20
143,169.60,222.30,358.10,381.20,499.40,781.40,845.80,1386.60,2969.00,910.40
144,169.50,222.10,357.90,381.00,499.20,780.80,845.20,1385.60,2966.60,909.60
145,169.30,221.90,357.60,380.70,498.80,780.40,844.40,1384.40,2964.20,908.80
146,169.20,221.80,357.30,380.40,498.40,779.80,843.80,1383.40,2961.80,908.00
147,169.10,221.60,357.10,380.20,498.00,779.20,843.20,1382.40,2959.40,907.40
148,169.00,221.50,356.80,379.90,497.60,778.60,842.60,1381.20,2957.00,906.60
149,168.90,221.30,356.60,379.70,497.20,778.00,842.00,1380.20,2954.60,905.80
150,168.80,221.20,356.30,379.40,497.00,777.60,841.40,1379.20,2952.20,905.00
151,168.70,221.00,356.00,379.10,496.60,777.00,840.80,1378.00,2949.80,904.20
152,168.60,220.90,355.80,378.90,496.20,776.40,840.20,1377.00,2947.60,903.40
153,168.40,220.70,355.50,378.60,495.80,775.80,839.60,1376.00,2945.20,902.60
154,168.30,220.60,355.30,378.40,495.40,775.40,839.00,1374.80,2942.80,901.80
155,168.20,220.40,355.00,378.10,495.20,774.80,838.40,1373.80,2940.40,901.00
156,168.10,220.30,354.80,377.80,494.80,774.20,837.80,1372.80,2938.00,900.20
157,168.00,220.10,354.50,377.60,494.40,773.60,837.20,1371.80,2935.80,899.60
158,167.80,219.90,354.30,377.30,494.00,773.00,836.60,1370.60,2933.40,898.80
159,167.70,219.80,354.00,377.10,493.80,772.40,836.00,1369.60,2931.00,898.00
160,167.60,219.60,353.70,376.80,493.40,772.00,835.40,1368.60,2928.60,897.20
161,167.50,219.50,353.50,376.50,493.00,771.40,834.80,1367.60,2926.20,896.40
162,167.40,219.30,353.20,376.30,492.60,770.80,834.20,1366.40,2924.00,895.60
163,167.30,219.20,353.00,376.00,492.20,770.20,833.60,1365.40,2921.60,894.80
164,167.20,219.00,352.70,375.80,492.00,769.80,833.00,1364.40,2919.40,894.20
165,167.10,218.90,352.50,375.50,491.60,769.20,832.40,1363.40,2917.00,893.40
166,167.00,218.70,352.20,375.30,491.20,768.60,831.80,1362.40,2914.60,892.60
167,166.80,218.60,352.00,375.00,490.80,768.00,831.20,1361.20,2912.40,891.80
168,166.70,218.40,351.70,374.80,490.40,767.60,830.60,1360.20,2910.00,891.00
169,166.60,218.30,351.50,374.50,490.20,767.00,830.00,1359.20,2907.60,890.40
170,166.50,218.10,351.20,374.30,489.80,766.40,829.40,1358.20,2905.40,889.60
171,166.40,218.00,351.00,374.00,489.40,766.00,828.80,1357.20,2903.00,888.80
172,166.30,217.80,350.70,373.70,489.20,765.40,828.20,1356.20,2900.80,888.00
173,166.20,217.70,350.50,373.50,488.80,764.80,827.60,1355.00,2898.60,887.40
174,166.10,217.50,350.20,373.20,488.40,764.20,827.00,1354.00,2896.20,886.60
175,166.00,217.40,350.00,373.00,488.00,763.80,826.40,1353.00,2894.00,885.80
176,165.80,217.20,349.70,372.70,487.80,763.20,825.80,1352.00,2891.60,885.00
177,165.70,217.10,349.50,372.50,487.40,762.60,825.20,1351.00,2889.40,884.40
178,165.60,216.90,349.20,372.20,487.00,762.20,824.60,1350.00,2887.00,883.60
179,165.50,216.80,349.00,372.00,486.60,761.60,824.00,1349.00,2884.80,882.80
180,165.40,216.60,348.70,371.70,486.40,761.00,823.40,1348.00,2882.40,882.00
181,165.30,216.50,348.50,371.50,486.00,760.40,822.80,1347.00,2880.20,881.40
182,165.20,216.30,348.20,371.20,485.60,760.00,822.20,1345.80,2878.00,880.60
183,165.10,216.20,348.00,371.00,485.20,759.40,821.60,1344.80,2875.80,879.80
184,165.00,216.10,347.70,370.70,485.00,758.80,821.00,1343.80,2873.40,879.20
185,164.80,215.90,347.50,370.50,484.60,758.40,820.60,1342.80,2871.20,878.40
186,164.70,215.80,347.20,370.20,484.20,757.80,820.00,1341.80,2869.00,877.60
187,164.60,215.60,347.00,370.00,483.80,757.20,819.40,1340.80,2866.80,877.00
188,164.50,215.50,346.70,369.70,483.60,756.80,818.80,1339.80,2864.40,876.20
189,164.40,215.30,346.50,369.50,483.20,756.20,818.20,1338.80,2862.20,875.40
190,164.30,215.20,346.20,369.20,482.80,755.60,817.60,1337.80,2860.00,874.80
191,164.20,215.00,346.00,369.00,482.60,755.20,817.00,1336.80,2857.80,874.00
192,164.10,214.90,345.70,368.80,482.20,754.60,816.40,1335.80,2855.60,873.20
193,164.00,214.70,345.50,368.50,481.80,754.20,815.80,1334.80,2853.40,872.60
194,163.90,214.60,345.30,368.30,481.60,753.60,815.40,1333.80,2851.00,871.80
195,163.80,214.50,345.00,368.00,481.20,753.00,814.80,1332.80,2848.80,871.00
196,163.70,214.30,344.80,367.80,480.80,752.60,814.20,1331.80,2846.60,870.40
197,163.60,214.20,344.60,367.50,480.40,752.00,813.60,1330.80,2844.40,869.60
198,163.40,214.00,344.30,367.30,480.20,751.40,813.00,1329.80,2842.20,869.00
199,163.30,213.90,344.10,367.00,479.80,751.00,812.40,1328.80,2840.00,868.20
200,163.20,213.70,343.80,366.80,479.40,750.40,811.80,1327.80,2837.80,867.40
201,163.10,213.60,343.60,366.50,479.20,750.00,811.40,1327.00,2835.60,866.80
202,163.00,213.40,343.30,366.30,478.80,749.40,810.80,1326.00,2833.40,866.00
203,162.90,213.30,343.10,366.10,478.40,748.80,810.20,1325.00,2831.20,865.40
204,162.80,213.20,342.80,365.80,478.20,748.40,809.60,1324.00,2829.00,864.60
205,162.70,213.00,342.60,365.60,477.80,747.80,809.00,1323.00,2826.80,864.00
206,162.60,212.90,342.30,365.30,477.40,747.40,808.40,1322.00,2824.60,863.20
207,162.50,212.70,342.10,365.10,477.20,746.80,808.00,1321.00,2822.60,862.40
208,162.40,212.60,341.90,364.90,476.80,746.20,807.40,1320.00,2820.40,861.80
209,162.30,212.40,341.60,364.60,476.40,745.60,806.80,1319.00,2818.20,861.00
210,162.20,212.30,341.40,364.40,476.20,745.20,806.20,1318.00,2816.00,860.40
211,162.10,212.20,341.20,364.10,475.80,744.80,805.60,1317.20,2813.80,859.60
212,162.00,212.00,340.90,363.90,475.40,744.20,805.00,1316.20,2811.60,859.00
213,161.80,211.90,340.70,363.70,475.20,743.60,804.60,1315.20,2809.60,858.20
214,161.70,211.70,340.50,363.40,474.80,743.20,804.00,1314.20,2807.40,857.60
215,161.60,211.60,340.20,363.20,474.40,742.60,803.40,1313.20,2805.20,856.80
216,161.50,211.50,340.00,362.90,474.20,742.20,802.80,1312.20,2803.00,856.20
217,161.40,211.30,339.80,362.70,473.80,741.60,802.20,1311.40,2801.00,855.40
218,161.30,211.20,339.50,362.50,473.40,741.20,801.80,1310.40,2798.80,854.80
219,161.20,211.00,339.30,362.20,473.20,740.60,801.20,1309.40,2796.60,854.00
220,161.10,210.90,339.10,362.00,472.80,740.20,800.60,1308.40,2794.40,853.40
221,161.00,210.80,338.80,361.70,472.40,739.60,800.00,1307.40,2792.40,852.60
222,160.90,210.60,338.60,361.50,472.20,739.20,799.60,1306.60,2790.20,852.00
223,160.80,210.50,338.40,361.30,471.80,738.60,799.00,1305.60,2788.20,851.20
224,160.70,210.30,338.10,361.00,471.60,738.00,798.40,1304.60,2786.00,850.60
225,160.60,210.20,337.90,360.80,471.20,737.60,797.80,1303.60,2784.00,849.80
226,160.50,210.10,337.60,360.60,470.80,737.20,797.40,1302.80,2781.80,849.20
227,160.40,209.90,337.40,360.30,470.60,736.60,796.80,1301.80,2779.60,848.60
228,160.30,209.80,337.20,360.10,470.20,736.00,796.20,1300.80,2777.60,847.80
229,160.20,209.60,336.90,359.90,470.00,735.60,795.60,1299.80,2775.40,847.20
230,160.10,209.50,336.70,359.60,469.60,735.00,795.20,1299.00,2773.40,846.40
231,160.00,209.40,336.50,359.40,469.20,734.60,794.60,1298.00,2771.20,845.80
232,159.90,209.20,336.30,359.20,469.00,734.00,794.00,1297.00,2769.20,845.00
233,159.80,209.10,336.00,358.90,468.60,733.60,793.40,1296.20,2767.00,844.40
234,159.70,209.00,335.80,358.70,468.20,733.00,793.00,1295.20,2765.00,843.80
235,159.60,208.80,335.60,358.50,468.00,732.60,792.40,1294.20,2762.80,843.00
236,159.50,208.70,335.40,358.20,467.60,732.00,791.80,1293.20,2760.80,842.40
237,159.40,208.50,335.10,358.00,467.40,731.60,791.40,1292.40,2758.80,841.80
238,159.20,208.40,334.90,357.80,467.00,731.00,790.80,1291.40,2756.60,841.00
239,159.10,208.30,334.70,357.50,466.60,730.60,790.20,1290.40,2754.60,840.40
240,159.00,208.10,334.50,357.30,466.40,730.20,789.60,1289.60,2752.40,839.60
241,158.90,208.00,334.20,357.10,466.00,729.60,789.20,1288.60,2750.40,839.00
242,158.80,207.90,334.00,356.80,465.80,729.20,788.60,1287.80,2748.40,838.40
243,158.70,207.70,333.80,356.60,465.40,728.60,788.00,1286.80,2746.20,837.60
244,158.60,207.60,333.60,356.40,465.00,728.20,787.60,1285.80,2744.20,837.00
245,158.50,207.50,333.30,356.10,464.80,727.60,787.00,1285.30,2742.20,836.40
246,158.40,207.30,333.10,355.90,464.40,727.20,786.40,1284.00,2740.20,835.60
247,158.30,207.20,332.90,355.70,464.20,726.60,786.00,1283.00,2738.00,835.00
248,158.20,207.00,332.70,355.50,463.80,726.20,785.40,1282.20,2736.00,834.40
249,158.10,206.90,332.40,355.20,463.60,725.60,784.80,1281.20,2734.00,833.60
250,158.00,206.80,332.20,355.00,463.20,725.20,784.40,1280.40,2732.00,833.00
251,157.90,206.60,331.90,354.80,462.80,724.60,783.80,1279.40,2729.80,832.40
252,157.80,206.50,331.70,354.50,462.60,724.20,783.20,1278.40,2727.80,831.60
253,157.70,206.40,331.50,354.30,462.20,723.60,782.80,1277.60,2725.80,831.00
254,157.60,206.20,331.20,354.10,462.00,723.20,782.20,1276.60,2723.80,830.40
255,157.50,206.10,331.00,353.90,461.60,722.80,781.60,1275.80,2721.80,829.80
256,157.40,206.00,330.80,353.60,461.40,722.20,781.20,1274.80,2719.80,829.00
257,157.30,205.80,330.60,353.40,461.00,721.80,780.60,1274.00,2717.80,828.40
258,157.20,205.70,330.40,353.20,460.60,721.40,780.00,1273.00,2715.80,827.80
259,157.10,205.60,330.20,352.90,460.40,720.80,779.60,1272.20,2713.60,827.00
260,157.00,205.40,329.90,352.70,460.00,720.40,779.00,1271.20,2711.60,826.40
261,156.90,205.30,329.70,352.50,459.80,719.80,778.60,1270.40,2709.60,825.80
262,156.80,205.20,329.50,352.30,459.40,719.40,778.00,1269.40,2707.60,825.20
263,156.70,205.00,329.20,352.00,459.20,718.80,777.40,1268.60,2705.60,824.40
264,156.60,204.90,329.00,351.80,458.80,718.40,777.00,1267.60,2703.60,823.80
265,156.50,204.80,328.80,351.60,458.60,718.00,776.40,1266.80,2701.60,823.20
266,156.40,204.60,328.60,351.40,458.20,717.40,775.80,1265.80,2699.80,822.60
267,156.30,204.50,328.40,351.20,458.00,717.00,775.40,1265.00,2697.80,821.80
268,156.20,204.40,328.20,350.90,457.60,716.40,774.80,1264.00,2695.80,821.20
269,156.10,204.30,327.90,350.70,457.40,716.00,774.40,1263.20,2693.80,820.60
270,156.00,204.10,327.80,350.50,457.00,715.60,773.80,1262.20,2691.80,820.00
271,155.90,204.00,327.60,350.30,456.60,715.00,773.20,1261.40,2689.80,819.40
272,155.80,203.90,327.40,350.00,456.40,714.60,772.80,1260.40,2687.80,818.60
273,155.80,203.70,327.20,349.80,456.00,714.20,772.20,1259.60,2685.80,818.00
274,155.70,203.60,326.90,349.60,455.80,713.60,771.80,1258.60,2683.80,817.40
275,155.60,203.50,326.60,349.40,455.40,713.20,771.20,1257.80,2682.00,816.80
276,155.50,203.30,326.40,349.20,455.20,712.80,770.80,1257.00,2680.00,816.20
277,155.40,203.20,326.20,348.90,454.80,712.20,770.20,1256.00,2678.00,815.40
278,155.30,203.10,325.90,348.70,454.60,711.80,769.60,1255.20,2676.00,814.80
279,155.20,202.90,325.70,348.50,454.20,711.40,769.20,1254.20,2674.00,814.20
280,155.10,202.80,325.50,348.30,454.00,710.80,768.60,1253.40,2672.20,813.60
281,155.00,202.70,325.30,348.10,453.60,710.40,768.20,1252.40,2670.20,813.00
282,154.90,202.60,325.10,347.80,453.40,710.00,767.60,1251.60,2668.20,812.40
283,154.80,202.40,324.90,347.60,453.00,709.40,767.20,1250.80,2666.20,811.80
284,154.70,202.30,324.70,347.40,452.80,709.00,766.60,1249.80,2664.40,811.00
285,154.60,202.20,324.40,347.20,452.40,708.40,766.20,1249.00,2662.40,810.40
286,154.50,202.00,324.20,347.00,452.20,708.00,765.60,1248.20,2660.40,809.80
287,154.40,201.90,324.00,346.70,451.80,707.60,765.20,1247.20,2658.60,809.20
288,154.30,201.80,323.80,346.50,451.60,707.00,764.60,1246.40,2656.60,808.60
289,154.20,201.70,323.60,346.30,451.20,706.60,764.00,1245.60,2654.60,808.00
290,154.10,201.50,323.40,346.10,451.00,706.20,763.60,1244.60,2652.80,807.40
291,154.00,201.40,323.20,345.90,450.60,705.60,763.20,1243.80,2650.80,806.80
292,153.90,201.30,323.00,345.70,450.40,705.20,762.60,1243.00,2649.00,806.00
293,153.80,201.10,322.90,345.40,450.00,704.80,762.20,1242.00,2647.00,805.40
294,153.70,201.00,322.70,345.20,449.80,704.40,761.60,1241.20,2645.00,804.80
295,153.60,200.90,322.50,345.00,449.40,703.80,761.20,1240.40,2643.20,804.20
296,153.50,200.80,322.30,344.80,449.20,703.40,760.60,1239.40,2641.20,803.60
297,153.40,200.60,322.00,344.60,448.80,703.00,760.20,1238.60,2639.40,803.00
298,153.30,200.50,321.80,344.40,448.60,702.40,759.60,1237.80,2637.40,802.40
299,153.30,200.40,321.50,344.10,448.20,702.00,759.20,1236.80,2635.60,801.80
300,153.20,200.30,321.30,343.90,448.00,701.60,758.60,1236.00,2633.60,801.20
301,153.10,200.10,321.00,343.70,447.60,701.20,758.20,1235.20,2631.80,800.60
302,153.00,200.00,320.80,343.50,447.40,700.60,757.60,1234.40,2629.80,800.00
303,152.90,199.90,320.60,343.30,447.20,700.20,757.20,1233.40,2628.00,799.40
304,152.80,199.80,320.40,343.10,446.80,699.80,756.60,1232.60,2626.20,798.80
305,152.70,199.60,320.20,342.90,446.60,699.40,756.20,1231.80,2624.20,798.20
306,152.60,199.50,320.00,342.70,446.20,698.80,755.60,1231.00,2622.40,797.60
307,152.50,199.40,319.80,342.40,446.00,698.40,755.20,1230.00,2620.40,796.80
308,152.40,199.30,319.60,342.20,445.60,698.00,754.60,1229.20,2618.60,796.20
309,152.30,199.10,319.40,342.00,445.40,697.40,754.20,1228.40,2616.80,795.60
310,152.20,199.00,319.20,341.80,445.00,697.00,753.60,1227.60,2614.80,795.00
311,152.10,198.90,319.00,341.60,444.80,696.60,753.20,1226.80,2613.00,794.40
312,152.00,198.80,318.80,341.40,444.60,696.20,752.60,1225.80,2611.20,793.80
313,151.90,198.60,318.60,341.20,444.20,695.60,752.20,1225.00,2609.20,793.20
314,151.90,198.50,318.40,341.00,444.00,695.20,751.60,1224.20,2607.40,792.60
315,151.80,198.40,318.20,340.80,443.60,694.80,751.20,1223.40,2605.60,792.00
316,151.70,198.30,318.00,340.50,443.40,694.40,750.80,1222.60,2603.80,791.40
317,151.60,198.10,317.80,340.30,443.00,693.80,750.20,1221.60,2601.80,790.80
318,151.50,198.00,317.60,340.10,442.80,693.40,749.80,1220.80,2600.00,790.20
319,151.40,197.90,317.40,339.90,442.40,693.00,749.20,1220.00,2598.20,789.60
320,151.30,197.80,317.20,339.70,442.20,692.60,748.80,1219.20,2596.20,789.00
321,151.20,197.60,316.90,339.50,441.80,692.20,748.20,1218.40,2594.40,788.40
322,151.10,197.50,316.70,339.30,441.60,691.60,747.80,1217.60,2592.60,788.00
323,151.00,197.40,316.50,339.10,441.40,691.20,747.40,1216.80,2590.80,787.40
324,150.90,197.30,316.30,338.90,441.00,690.80,746.80,1215.80,2589.00,786.80
325,150.80,197.20,316.10,338.70,440.80,690.40,746.40,1215.00,2587.20,786.20
326,150.70,197.00,315.90,338.50,440.40,690.00,745.80,1214.20,2585.40,785.60
327,150.70,196.90,315.70,338.20,440.20,689.40,745.40,1213.40,2583.40,785.00
328,150.60,196.80,315.50,338.00,439.80,689.00,745.00,1212.60,2581.60,784.40
329,150.50,196.70,315.30,337.80,439.60,688.60,744.40,1211.80,2579.80,783.80
330,150.40,196.50,315.10,337.60,439.40,688.20,744.00,1211.00,2578.00,783.20
331,150.30,196.40,314.90,337.40,439.00,687.60,743.40,1210.20,2576.20,782.60
332,150.20,196.30,314.70,337.20,438.80,687.20,743.00,1209.20,2574.40,782.00
333,150.10,196.20,314.50,337.00,438.40,686.80,742.60,1208.40,2572.60,781.40
334,150.00,196.10,314.30,336.80,438.20,686.40,742.00,1207.60,2570.80,780.80
335,149.90,195.90,314.10,336.60,438.00,686.00,741.60,1206.80,2569.00,780.20
336,149.80,195.80,313.90,336.40,437.60,685.60,741.00,1206.00,2567.20,779.60
337,149.70,195.70,313.70,336.20,437.40,685.00,740.60,1205.20,2565.40,779.20
338,149.70,195.60,313.50,336.00,437.00,684.60,740.20,1204.40,2563.60,778.60
339,149.60,195.50,313.30,335.80,436.80,684.20,739.60,1203.60,2561.80,778.00
340,149.50,195.30,313.10,335.60,436.60,683.80,739.20,1202.80,2560.00,777.40
341,149.40,195.20,312.90,335.40,436.20,683.40,738.80,1202.00,2558.20,776.80
342,149.30,195.10,312.70,335.20,436.00,682.80,738.20,1201.20,2556.40,776.20
343,149.20,195.00,312.50,335.00,435.60,682.40,737.80,1200.40,2554.60,775.60
344,149.10,194.90,312.30,334.80,435.40,682.00,737.40,1199.60,2552.80,775.00
345,149.00,194.70,312.10,334.60,435.20,681.60,736.80,1198.80,2551.00,774.60
346,148.90,194.60,311.90,334.40,434.80,681.20,736.40,1198.00,2549.20,774.00
347,148.80,194.50,311.70,334.10,434.60,680.80,735.80,1197.20,2547.60,773.40
348,148.80,194.40,311.50,333.90,434.20,680.40,735.40,1196.40,2545.80,772.80
349,148.70,194.30,311.30,333.70,434.00,679.80,735.00,1195.60,2544.00,772.20
350,148.60,194.10,311.10,333.50,433.80,679.40,734.40,1194.80,2542.20,771.60
351,148.50,194.00,310.90,333.30,433.40,679.00,734.00,1194.00,2540.40,771.00
352,148.40,193.90,310.70,333.10,433.20,678.60,733.60,1193.20,2538.60,770.60
353,148.30,193.80,310.50,332.90,433.00,678.20,733.00,1192.40,2537.00,770.00
354,148.20,193.60,310.30,332.70,432.60,677.80,732.60,1191.60,2535.20,769.40
355,148.10,193.50,310.10,332.50,432.40,677.40,732.20,1190.80,2533.40,768.80
356,148.10,193.40,309.90,332.30,432.00,676.80,731.60,1190.00,2531.60,768.20
357,148.00,193.30,309.70,332.10,431.80,676.40,731.20,1189.20,2530.00,767.60
358,147.90,193.20,309.50,331.90,431.60,676.00,730.80,1188.40,2528.20,767.20
359,147.80,193.10,309.30,331.70,431.20,675.60,730.40,1187.60,2526.40,766.60
360,147.70,193.00,309.10,331.50,431.00,675.20,729.80,1186.80,2524.60,766.00
361,147.60,192.80,309.00,331.30,430.80,674.80,729.40,1186.00,2523.00,765.40
362,147.50,192.70,308.80,331.10,430.40,674.40,729.00,1185.20,2521.20,764.80
363,147.40,192.60,308.60,330.90,430.20,674.00,728.40,1184.40,2519.40,764.40
364,147.40,192.50,308.40,330.70,430.00,673.60,728.00,1183.60,2517.80,763.80
365,147.30,192.40,308.20,330.50,429.60,673.00,727.60,1182.80,2516.00,763.20
366,147.20,192.20,308.00,330.30,429.40,672.60,727.00,1182.00,2514.20,762.60
367,147.10,192.10,307.80,330.10,429.20,672.20,726.60,1181.40,2512.60,762.20
368,147.00,192.00,307.60,329.90,428.80,671.80,726.20,1180.60,2510.80,761.60
369,146.90,191.90,307.40,329.70,428.60,671.40,725.80,1179.80,2509.00,761.00
370,146.80,191.80,307.20,329.60,428.20,671.00,725.20,1179.00,2507.40,760.40
371,146.70,191.70,307.00,329.40,428.00,670.60,724.80,1178.20,2505.60,760.00
372,146.70,191.60,306.80,329.20,427.80,670.20,724.40,1177.40,2504.00,759.40
373,146.60,191.40,306.60,329.00,427.40,669.80,724.00,1176.60,2502.20,758.80
374,146.50,191.30,306.40,328.80,427.20,669.40,723.40,1175.80,2500.60,758.20
375,146.40,191.20,306.20,328.60,427.00,669.00,723.00,1175.20,2498.80,757.80
376,146.30,191.10,306.00,328.40,426.60,668.60,722.60,1174.40,2497.20,757.20
377,146.20,191.00,305.90,328.20,426.40,668.00,722.00,1173.60,2495.40,756.60
378,146.10,190.90,305.70,328.00,426.20,667.60,721.60,1172.80,2493.80,756.00
379,146.10,190.80,305.50,327.80,425.80,667.20,721.20,1172.00,2492.00,755.60
380,146.00,190.60,305.30,327.60,425.60,666.80,720.80,1171.20,2490.40,755.00
381,145.90,190.50,305.10,327.40,425.40,666.40,720.20,1170.40,2488.60,754.40
382,145.80,190.40,304.90,327.20,425.20,666.00,719.80,1169.80,2487.00,753.80
383,145.70,190.30,304.70,327.00,424.80,665.60,719.40,1169.00,2485.20,753.40
384,145.60,190.20,304.50,326.80,424.60,665.20,719.00,1168.20,2483.60,752.80
385,145.50,190.10,304.30,326.60,424.40,664.80,718.60,1167.40,2481.80,752.20
386,145.50,190.00,304.10,326.40,424.00,664.40,718.00,1166.60,2480.20,751.80
387,145.40,189.80,304.00,326.20,423.80,664.00,717.60,1165.80,2478.60,751.20
388,145.30,189.70,303.80,326.10,423.60,663.60,717.20,1165.20,2476.80,750.60
389,145.20,189.60,303.60,325.90,423.20,663.20,716.80,1164.40,2475.20,750.20
390,145.10,189.50,303.40,325.70,423.00,662.80,716.20,1163.60,2473.40,749.60
391,145.00,189.40,303.20,325.50,422.80,662.40,715.80,1162.80,2471.80,749.00
392,144.90,189.30,303.00,325.30,422.40,661.80,715.40,1162.20,2470.20,748.60
393,144.80,189.20,302.80,325.10,422.20,661.40,715.00,1161.40,2468.60,748.00
394,144.70,189.10,302.60,324.90,422.00,661.00,714.60,1160.60,2466.80,747.40
395,144.60,188.90,302.40,324.70,421.60,660.60,714.00,1159.80,2465.20,747.00
396,144.60,188.80,302.20,324.50,421.40,660.20,713.60,1159.00,2463.60,746.40
397,144.50,188.70,302.00,324.30,421.20,659.80,713.20,1158.40,2461.80,745.80
398,144.40,188.60,301.90,324.10,421.00,659.40,712.80,1157.60,2460.20,745.40
399,144.30,188.50,301.70,324.00,420.60,659.00,712.40,1156.80,2458.60,744.80
400,144.20,188.40,301.50,323.80,420.40,658.60,711.80,1156.00,2456.80,744.20
401,144.10,188.30,301.30,323.60,420.20,658.20,711.40,1155.40,2455.20,743.80
402,144.10,188.20,301.10,323.40,419.80,657.80,711.00,1154.60,2453.60,743.20
403,144.00,188.10,301.00,323.20,419.60,657.40,710.60,1153.80,2452.00,742.60
404,143.90,187.90,300.80,323.00,419.40,657.00,710.20,1153.20,2450.40,742.20
405,143.80,187.80,300.60,322.80,419.00,656.60,709.60,1152.40,2448.60,741.60
406,143.70,187.70,300.40,322.60,418.80,656.20,709.20,1151.60,2447.00,741.00
407,143.60,187.60,300.20,322.40,418.60,655.80,708.80,1150.80,2445.40,740.60
408,143.60,187.50,300.00,322.20,418.40,655.40,708.40,1150.20,2443.80,740.00
409,143.50,187.40,299.90,322.10,418.00,655.00,708.00,1149.40,2442.20,739.60
410,143.40,187.30,299.70,321.90,417.80,654.60,707.60,1148.60,2440.60,739.00
411,143.30,187.20,299.50,321.70,417.60,654.20,707.00,1148.00,2438.80,738.40
412,143.20,187.10,299.30,321.50,417.20,653.80,706.60,1147.20,2437.20,738.00
413,143.20,186.90,299.10,321.30,417.00,653.40,706.20,1146.40,2435.60,737.40
414,143.10,186.80,298.90,321.10,416.80,653.00,705.80,1145.80,2434.00,737.00
415,143.00,186.70,298.80,320.90,416.60,652.80,705.40,1145.00,2432.40,736.40
416,142.90,186.60,298.60,320.70,416.20,652.40,705.00,1144.20,2430.80,735.80
417,142.80,186.50,298.40,320.60,416.00,652.00,704.40,1143.60,2429.20,735.40
418,142.70,186.40,298.20,320.40,415.80,651.60,704.00,1142.80,2427.60,734.60
419,142.70,186.30,298.00,320.20,415.60,651.20,703.60,1142.00,2426.00,734.40
420,142.60,186.20,297.90,320.00,415.20,650.80,703.20,1141.40,2424.40,733.80
421,142.50,186.10,297.70,319.80,415.00,650.40,702.80,1140.60,2422.80,733.40
422,142.40,186.00,297.50,319.60,414.80,650.00,702.40,1139.80,2421.20,732.80
423,142.30,185.80,297.30,319.40,414.60,649.60,702.00,1139.20,2419.60,732.20
424,142.30,185.70,297.10,319.30,414.20,649.20,701.60,1138.40,2418.00,731.80
425,142.20,185.60,297.00,319.10,414.00,648.80,701.00,1137.80,2416.40,731.20
426,142.10,185.50,296.80,318.90,413.80,648.40,700.60,1137.00,2414.80,730.80
427,142.00,185.40,296.60,318.70,413.60,648.00,700.20,1136.20,2413.20,730.20
428,141.90,185.30,296.40,318.50,413.20,647.60,699.80,1135.60,2411.60,729.80
429,141.90,185.20,296.20,318.30,413.00,647.20,699.40,1134.80,2410.00,729.20
430,141.80,185.10,296.00,318.20,412.80,646.80,699.00,1134.00,2408.40,728.80
431,141.70,185.00,295.80,318.00,412.60,646.40,698.60,1133.40,2406.80,728.20
432,141.60,184.90,295.70,317.80,412.20,646.00,698.20,1132.60,2405.20,727.80
433,141.50,184.80,295.50,317.60,412.00,645.60,697.60,1132.00,2403.60,727.20
434,141.50,184.70,295.30,317.40,411.80,645.20,697.20,1131.20,2402.00,726.60
435,141.40,184.60,295.20,317.30,411.60,644.80,696.80,1130.60,2400.40,726.20
436,141.30,184.40,295.00,317.10,411.20,644.40,696.40,1129.80,2399.00,725.60
437,141.20,184.30,294.90,316.90,411.00,644.20,696.00,1129.00,2397.40,725.20
438,141.10,184.20,294.70,316.70,410.80,643.80,695.60,1128.40,2395.80,724.60
439,141.10,184.10,294.50,316.50,410.60,643.40,695.20,1127.60,2394.20,724.20
440,141.00,184.00,294.30,316.30,410.20,643.00,694.80,1127.00,2392.60,723.60
441,140.90,183.90,294.10,316.20,410.00,642.60,694.40,1126.20,2391.00,723.20
442,140.80,183.80,293.90,316.00,409.80,642.20,694.00,1125.60,2389.60,722.60
443,140.70,183.70,293.80,315.80,409.60,641.80,693.60,1124.80,2388.00,722.20
444,140.60,183.60,293.60,315.60,409.20,641.40,693.00,1124.20,2386.40,721.60
445,140.60,183.50,293.40,315.40,409.00,641.00,692.60,1123.40,2384.80,721.20
446,140.50,183.40,293.30,315.30,408.80,640.60,692.20,1122.60,2383.40,720.60
447,140.40,183.30,293.10,315.10,408.60,640.20,691.80,1122.00,2381.80,720.20
448,140.30,183.20,292.90,314.90,408.40,640.00,691.40,1121.20,2380.20,719.80
449,140.20,183.10,292.70,314.70,408.00,639.60,691.00,1120.60,2378.60,719.20
450,140.20,183.00,292.50,314.50,407.80,639.20,690.60,1119.80,2377.20,718.80
451,140.10,182.90,292.30,314.40,407.60,638.80,690.20,1119.20,2375.60,718.20
452,140.00,182.80,292.10,314.20,407.40,638.40,689.80,1118.40,2374.00,717.80
453,139.90,182.60,292.00,314.00,407.00,638.00,689.40,1117.80,2372.40,717.20
454,139.80,182.50,291.90,313.80,406.80,637.60,689.00,1117.00,2371.00,716.80
455,139.80,182.40,291.70,313.60,406.60,637.20,688.60,1116.40,2369.40,716.20
456,139.70,182.30,291.50,313.50,406.40,636.80,688.20,1115.60,2367.80,715.80
457,139.60,182.20,291.30,313.30,406.20,636.40,687.80,1115.00,2366.40,715.20
458,139.50,182.10,291.10,313.10,405.80,636.20,687.40,1114.20,2364.80,714.80
459,139.40,182.00,290.90,312.90,405.60,635.80,687.00,1113.60,2363.20,714.40
460,139.40,181.90,290.80,312.80,405.40,635.40,686.60,1112.80,2361.80,713.80
461,139.30,181.80,290.60,312.60,405.20,635.00,686.00,1112.20,2360.20,713.40
462,139.20,181.70,290.50,312.40,405.00,634.60,685.60,1111.60,2358.80,712.80
463,139.10,181.60,290.30,312.20,404.60,634.20,685.20,1110.80,2357.20,712.40
464,139.10,181.50,290.10,312.00,404.40,633.80,684.80,1110.20,2355.80,711.80
465,139.00,181.40,289.90,311.90,404.20,633.60,684.40,1109.40,2354.20,711.40
466,138.90,181.30,289.80,311.70,404.00,633.20,684.00,1108.80,2352.60,711.00
467,138.80,181.20,289.60,311.50,403.80,632.80,683.60,1108.00,2351.20,710.40
468,138.80,181.10,289.50,311.30,403.40,632.40,683.20,1107.40,2349.60,710.00
469,138.70,181.00,289.30,311.20,403.20,632.00,682.80,1106.60,2348.20,709.40
470,138.60,180.90,289.10,311.00,403.00,631.60,682.40,1106.00,2346.60,709.00
471,138.50,180.80,288.90,310.80,402.80,631.20,682.00,1105.40,2345.20,708.60
472,138.50,180.70,288.80,310.60,402.60,631.00,681.60,1104.60,2343.60,708.00
473,138.40,180.60,288.60,310.50,402.20,630.60,681.20,1104.00,2342.20,707.60
474,138.30,180.50,288.40,310.30,402.00,630.20,680.80,1103.20,2340.60,707.00
475,138.20,180.40,288.20,310.10,401.80,629.80,680.40,1102.60,2339.20,706.60
476,138.20,180.30,288.00,309.90,401.60,629.40,680.00,1102.00,2337.60,706.20
477,138.10,180.20,287.80,309.80,401.40,629.00,679.60,1101.20,2336.20,705.60
478,138.00,180.10,287.70,309.60,401.20,628.60,679.20,1100.60,2334.60,705.20
479,137.90,180.00,287.50,309.40,400.80,628.40,678.80,1099.80,2333.20,704.60
480,137.90,179.90,287.40,309.20,400.60,628.00,678.40,1099.20,2331.60,704.20
481,137.80,179.70,287.20,309.10,400.40,627.60,678.00,1098.60,2330.20,703.80
482,137.70,179.60,287.00,308.90,400.20,627.20,677.60,1097.80,2328.80,703.20
483,137.60,179.50,286.90,308.70,400.00,626.80,677.20,1097.20,2327.20,702.80
484,137.60,179.40,286.70,308.60,399.60,626.60,676.80,1096.60,2325.90,702.40
485,137.50,179.30,286.60,308.40,399.40,626.20,676.40,1095.80,2324.20,701.80
486,137.40,179.20,286.40,308.20,399.20,625.80,676.00,1095.20,2322.80,701.40
487,137.30,179.10,286.30,308.00,399.00,625.40,675.60,1094.40,2321.40,701.00
488,137.30,179.00,286.10,307.90,398.80,625.00,675.20,1093.80,2319.80,700.40
489,137.20,178.90,285.90,307.70,398.60,624.60,674.80,1093.20,2318.40,700.00
490,137.10,178.80,285.80,307.50,398.40,624.40,674.40,1092.40,2317.00,699.60
491,137.00,178.70,285.60,307.40,398.00,624.00,674.00,1091.80,2315.40,699.00
492,137.00,178.60,285.50,307.20,397.80,623.60,673.60,1091.20,2314.00,698.60
493,136.90,178.50,285.30,307.00,397.60,623.20,673.40,1090.40,2312.60,698.20
494,136.80,178.40,285.10,306.80,397.40,622.80,673.00,1089.80,2311.00,697.60
495,136.70,178.30,284.90,306.70,397.20,622.60,672.60,1089.20,2309.60,697.20
496,136.70,178.20,284.80,306.50,397.00,622.20,672.20,1088.60,2308.20,696.80
497,136.60,178.10,284.60,306.30,396.60,621.80,671.80,1087.80,2306.80,696.20
498,136.50,178.00,284.40,306.20,396.40,621.40,671.40,1087.20,2305.20,695.80
499,136.40,177.90,284.20,306.00,396.20,621.00,671.00,1086.40,2303.80,695.40
500,136.40,177.80,284.00,305.80,396.00,620.80,670.60,1085.80,2302.40,694.80
501,136.30,177.70,283.90,305.70,395.80,620.40,670.20,1085.20,2301.00,694.40
502,136.20,177.60,283.70,305.50,395.60,620.00,669.80,1084.60,2299.40,694.00
503,136.10,177.50,283.60,305.30,395.20,619.60,669.40,1083.80,2298.00,693.60
504,136.10,177.40,283.40,305.10,395.00,619.40,669.00,1083.20,2296.60,693.00
505,136.00,177.30,283.30,305.00,394.80,619.00,668.60,1082.60,2295.20,692.60
506,135.90,177.20,283.10,304.80,394.60,618.60,668.20,1081.80,2293.80,692.20
507,135.80,177.10,282.90,304.60,394.40,618.20,667.80,1081.20,2292.20,691.60
508,135.80,177.00,282.80,304.50,394.20,617.80,667.40,1080.60,2290.80,691.20
509,135.70,177.00,282.60,304.30,394.00,617.60,667.00,1080.00,2289.40,690.80
510,135.60,176.90,282.50,304.10,393.80,617.20,666.80,1079.20,2288.00,690.40
511,135.50,176.80,282.30,304.00,393.60,616.80,666.40,1078.60,2286.60,689.80
512,135.40,176.70,282.10,303.80,393.40,616.40,666.00,1078.00,2285.20,689.40
513,135.40,176.60,281.90,303.60,393.00,616.20,665.60,1077.40,2283.60,689.00
514,135.30,176.50,281.80,303.50,392.80,615.80,665.20,1076.60,2282.20,688.40
515,135.20,176.40,281.60,303.30,392.60,615.40,664.80,1076.00,2280.80,688.00
516,135.10,176.30,281.50,303.10,392.40,615.00,664.40,1075.40,2279.40,687.60
517,135.10,176.20,281.30,303.00,392.00,614.80,664.00,1074.80,2278.00,687.20
518,135.00,176.10,281.10,302.80,391.80,614.40,663.60,1074.00,2276.60,686.60
519,134.90,176.00,280.90,302.60,391.60,614.00,663.20,1073.40,2275.20,686.20
520,134.80,175.90,280.80,302.50,391.40,613.60,662.80,1072.80,2273.80,685.80
521,134.80,175.80,280.60,302.30,391.20,613.40,662.40,1072.20,2272.40,685.40
522,134.70,175.70,280.50,302.10,391.00,613.00,662.20,1071.60,2271.00,684.80
523,134.60,175.60,280.30,302.00,390.80,612.60,661.80,1070.80,2269.60,684.40
524,134.60,175.50,280.10,301.80,390.60,612.20,661.40,1070.20,2268.20,684.00
525,134.50,175.40,280.00,301.60,390.20,612.00,661.00,1069.60,2266.80,683.60
526,134.40,175.30,279.80,301.50,390.00,611.60,660.60,1069.00,2265.40,683.20
527,134.30,175.20,279.60,301.30,389.80,611.20,660.20,1068.40,2264.00,682.60
528,134.30,175.10,279.40,301.20,389.60,610.80,659.80,1067.60,2262.60,682.20
529,134.20,175.00,279.20,301.00,389.40,610.60,659.40,1067.00,2261.20,681.80
530,134.10,174.90,279.10,300.80,389.20,610.20,659.20,1066.40,2259.80,681.40
531,134.10,174.80,279.00,300.70,389.00,609.80,658.80,1065.80,2258.40,680.80
532,134.00,174.70,278.80,300.50,388.80,609.40,658.40,1065.20,2257.00,680.40
533,133.90,174.60,278.60,300.30,388.60,609.20,658.00,1064.60,2255.60,680.00
534,133.80,174.50,278.50,300.20,388.20,608.80,657.60,1063.80,2254.20,679.60
535,133.80,174.40,278.30,300.00,388.00,608.40,657.20,1063.20,2252.80,679.20
536,133.70,174.30,278.20,299.80,387.80,608.20,656.80,1062.60,2251.40,678.60
537,133.60,174.20,278.00,299.70,387.60,607.80,656.40,1062.00,2250.00,678.20
538,133.60,174.10,277.90,299.50,387.40,607.40,656.20,1061.40,2248.60,677.80
539,133.50,174.00,277.80,299.40,387.20,607.00,655.80,1060.80,2247.20,677.40
540,133.40,174.00,277.60,299.20,387.00,606.80,655.40,1060.00,2245.80,677.00
541,133.30,173.90,277.50,299.00,386.80,606.40,655.00,1059.40,2244.40,676.40
542,133.30,173.80,277.30,298.90,386.60,606.00,654.60,1058.80,2243.20,676.00
543,133.20,173.70,277.10,298.70,386.40,605.80,654.20,1058.20,2241.80,675.60
544,133.10,173.60,276.90,298.50,386.20,605.40,653.80,1057.60,2240.40,675.20
545,133.10,173.50,276.80,298.40,386.00,605.00,653.60,1057.00,2239.00,674.80
546,133.00,173.40,276.60,298.20,385.60,604.60,653.20,1056.40,2237.60,674.40
547,132.90,173.30,276.50,298.10,385.40,604.40,652.80,1055.60,2236.20,673.80
548,132.80,173.20,276.30,297.90,385.20,604.00,652.40,1055.00,2235.00,673.40
549,132.80,173.10,276.20,297.70,385.00,603.60,652.00,1054.40,2233.60,673.00
550,132.70,173.00,276.00,297.60,384.80,603.40,651.60,1053.80,2232.20,672.60
551,132.60,172.90,275.80,297.40,384.60,603.00,651.40,1053.20,2230.80,672.20
552,132.60,172.80,275.70,297.30,384.40,602.60,651.00,1052.60,2229.40,671.80
553,132.50,172.70,275.50,297.10,384.20,602.40,650.60,1052.00,2228.20,671.20
554,132.40,172.60,275.40,296.90,384.00,602.00,650.20,1051.40,2226.80,670.80
555,132.30,172.50,275.20,296.80,383.80,601.60,649.80,1050.80,2225.40,670.40
556,132.30,172.40,275.10,296.60,383.40,601.40,649.40,1050.20,2224.00,670.00
557,132.20,172.30,274.90,296.50,383.20,601.00,649.20,1049.60,2222.60,669.60
558,132.10,172.30,274.80,296.30,383.00,600.60,648.80,1048.80,2221.40,669.20
559,132.10,172.20,274.60,296.10,382.80,600.40,648.40,1048.20,2220.00,668.80
560,132.00,172.10,274.50,296.00,382.60,600.00,648.00,1047.60,2218.60,668.20
561,131.90,172.00,274.30,295.80,382.40,599.60,647.60,1047.00,2217.20,667.80
562,131.80,171.90,274.20,295.70,382.20,599.40,647.20,1046.40,2216.00,667.40
563,131.80,171.80,274.00,295.50,382.00,599.00,647.00,1045.80,2214.60,667.00
564,131.70,171.70,273.90,295.30,381.80,598.60,646.60,1045.20,2213.20,666.60
565,131.60,171.60,273.70,295.20,381.60,598.40,646.20,1044.60,2212.00,666.20
566,131.60,171.50,273.60,295.00,381.40,598.00,645.80,1044.00,2210.60,665.80
567,131.50,171.40,273.40,294.90,381.20,597.60,645.40,1043.40,2209.20,665.40
568,131.40,171.30,273.30,294.70,381.00,597.40,645.20,1042.80,2208.00,664.80
569,131.30,171.20,273.10,294.50,380.80,597.00,644.80,1042.20,2206.60,664.40
570,131.30,171.10,272.90,294.40,380.60,596.60,644.40,1041.60,2205.20,664.00
571,131.20,171.10,272.80,294.20,380.40,596.40,644.00,1041.00,2204.00,663.60
572,131.10,171.00,272.60,294.10,380.00,596.00,643.60,1040.40,2202.60,663.20
573,131.10,170.90,272.50,293.90,379.80,595.60,643.40,1039.80,2201.20,662.80
574,131.00,170.80,272.30,293.80,379.60,595.40,643.00,1039.20,2200.00,662.40
575,130.90,170.70,272.20,293.60,379.40,595.00,642.60,1038.60,2198.60,662.00
576,130.90,170.60,272.00,293.50,379.20,594.60,642.20,1038.00,2197.40,661.60
577,130.80,170.50,271.90,293.30,379.00,594.40,641.80,1037.40,2196.00,661.20
578,130.70,170.40,271.70,293.10,378.80,594.00,641.60,1036.80,2194.60,660.80
579,130.70,170.30,271.60,293.00,378.60,593.80,641.20,1036.20,2193.40,660.20
580,130.60,170.20,271.40,292.80,378.40,593.40,640.80,1035.60,2192.00,659.80
581,130.50,170.10,271.30,292.60,378.20,593.00,640.40,1035.00,2190.80,659.40
582,130.50,170.00,271.10,292.50,378.00,592.80,640.20,1034.40,2189.40,659.00
583,130.40,170.00,271.00,292.30,377.80,592.40,639.80,1033.80,2188.20,658.60
584,130.30,169.90,270.80,292.20,377.60,592.00,639.40,1033.20,2186.80,658.20
585,130.30,169.80,270.70,292.00,377.40,591.80,639.00,1032.60,2185.60,657.80
586,130.20,169.70,270.50,291.90,377.20,591.40,638.80,1032.00,2184.20,657.40
587,130.10,169.60,270.40,291.70,377.00,591.20,638.40,1031.40,2183.00,657.00
588,130.10,169.50,270.20,291.60,376.80,590.80,638.00,1030.80,2181.60,656.60
589,130.00,169.40,270.10,291.40,376.60,590.40,637.60,1030.20,2180.40,656.20
590,129.90,169.30,269.90,291.30,376.40,590.20,637.40,1029.60,2179.00,655.80
591,129.90,169.20,269.80,291.10,376.20,589.80,637.00,1029.00,2177.80,655.40
592,129.80,169.10,269.60,291.00,376.00,589.40,636.60,1028.40,2176.40,655.00
593,129.70,169.10,269.50,290.80,375.60,589.20,636.20,1027.80,2175.20,654.60
594,129.70,169.00,269.30,290.70,375.40,588.80,636.00,1027.20,2173.80,654.20
595,129.60,168.90,269.20,290.50,375.20,588.60,635.60,1026.60,2172.60,653.80
596,129.50,168.80,269.00,290.40,375.00,588.20,635.20,1026.00,2171.20,653.20
597,129.50,168.70,268.90,290.20,374.80,587.80,634.80,1025.40,2170.00,652.80
598,129.40,168.60,268.70,290.10,374.60,587.60,634.60,1024.80,2168.60,652.40
599,129.30,168.50,268.60,289.90,374.40,587.20,634.20,1024.20,2167.40,652.00
600,129.30,168.40,268.40,289.80,374.20,587.00,633.80,1023.60,2166.20,651.60
601,129.20,168.30,268.30,289.60,374.00,586.60,633.40,1023.00,2164.80,651.20
602,129.10,168.20,268.10,289.50,373.80,586.20,633.20,1022.40,2163.60,650.80
603,129.10,168.20,268.00,289.30,373.60,586.00,632.80,1022.00,2162.20,650.40
604,129.00,168.10,267.90,289.20,373.40,585.60,632.40,1021.40,2161.00,650.00
605,128.90,168.00,267.70,289.00,373.20,585.40,632.00,1020.80,2159.80,649.60
606,128.90,167.90,267.60,288.90,373.00,585.00,631.80,1020.20,2158.40,649.20
607,128.80,167.80,267.40,288.70,372.80,584.60,631.40,1019.60,2157.20,648.80
608,128.70,167.70,267.30,288.60,372.60,584.40,631.00,1019.00,2156.00,648.40
609,128.70,167.60,267.10,288.40,372.40,584.00,630.60,1018.40,2154.60,648.00
610,128.60,167.50,267.00,288.30,372.20,583.80,630.40,1017.80,2153.40,647.60
611,128.50,167.40,266.80,288.10,372.00,583.40,630.00,1017.20,2152.20,647.20
612,128.50,167.40,266.70,288.00,371.80,583.20,629.60,1016.60,2150.80,646.80
613,128.40,167.30,266.50,287.80,371.60,582.80,629.40,1016.00,2149.60,646.40
614,128.30,167.20,266.40,287.70,371.40,582.40,629.00,1015.60,2148.40,646.00
615,128.30,167.10,266.20,287.50,371.20,582.20,628.60,1015.00,2147.00,645.60
616,128.20,167.00,266.10,287.40,371.00,581.80,628.20,1014.40,2145.80,645.20
617,128.10,166.90,266.00,287.20,370.80,581.40,628.00,1013.80,2144.60,644.80
618,128.10,166.80,265.80,287.10,370.60,581.20,627.60,1013.20,2143.40,644.40
619,128.00,166.70,265.70,286.90,370.40,580.80,627.20,1012.60,2142.00,644.00
620,127.90,166.70,265.60,286.80,370.20,580.60,627.00,1012.00,2140.80,643.60
621,127.90,166.60,265.40,286.60,370.00,580.20,626.60,1011.40,2139.60,643.20
622,127.80,166.50,265.30,286.50,369.80,580.00,626.20,1011.00,2138.40,642.80
623,127.70,166.40,265.20,286.30,369.60,579.60,626.00,1010.40,2137.00,642.40
624,127.70,166.30,265.00,286.20,369.40,579.40,625.60,1009.80,2135.80,642.00
625,127.60,166.20,264.90,286.00,369.20,579.00,625.20,1009.20,2134.60,641.60
626,127.60,166.10,264.70,285.90,369.00,578.60,624.80,1008.60,2133.40,641.20
627,127.50,166.10,264.60,285.70,368.80,578.40,624.60,1008.00,2132.00,640.80
628,127.40,166.00,264.50,285.60,368.60,578.00,624.20,1007.40,2130.80,640.60
629,127.40,165.90,264.30,285.40,368.40,577.80,623.80,1007.00,2129.60,640.20
630,127.30,165.80,264.20,285.30,368.20,577.40,623.60,1006.40,2128.40,639.80
631,127.20,165.70,264.00,285.10,368.00,577.20,623.20,1005.80,2127.20,639.40
632,127.20,165.60,263.90,285.00,367.80,576.80,622.80,1005.20,2125.80,639.00
633,127.10,165.50,263.70,284.80,367.60,576.60,622.60,1004.60,2124.60,638.60
634,127.00,165.40,263.60,284.70,367.40,576.20,622.20,1004.00,2123.40,638.20
635,127.00,165.40,263.40,284.50,367.20,576.00,621.80,1003.60,2122.20,637.80
636,126.90,165.30,263.30,284.40,367.00,575.60,621.60,1003.00,2121.00,637.40
637,126.90,165.20,263.10,284.20,366.80,575.20,621.20,1002.40,2119.80,637.00
638,126.80,165.10,263.00,284.10,366.60,575.00,620.80,1001.80,2118.40,636.60
639,126.70,165.00,262.90,283.90,366.40,574.60,620.60,1001.20,2117.20,636.20
640,126.70,164.90,262.70,283.80,366.20,574.40,620.20,1000.80,2116.00,635.80
641,126.60,164.80,262.60,283.70,366.00,574.00,619.80,1000.20,2114.80,635.40
642,126.50,164.80,262.50,283.50,365.80,573.80,619.60,999.60,2113.60,635.00
643,126.50,164.70,262.30,283.40,365.60,573.40,619.20,999.00,2112.40,634.60
644,126.40,164.60,262.20,283.20,365.40,573.20,618.80,998.40,2111.20,634.40
645,126.30,164.50,262.00,283.10,365.20,572.80,618.60,998.00,2110.00,634.00
646,126.30,164.40,261.90,282.90,365.00,572.60,618.20,997.40,2108.80,633.60
647,126.20,164.30,261.80,282.80,364.80,572.20,617.80,996.80,2107.40,633.20
648,126.10,164.20,261.60,282.60,364.60,572.00,617.60,996.20,2106.20,632.80
649,126.10,164.20,261.50,282.50,364.40,571.60,617.20,995.60,2105.00,632.40
650,126.00,164.10,261.30,282.40,364.20,571.40,616.80,995.20,2103.80,632.00
651,125.90,164.00,261.20,282.20,364.00,571.00,616.60,994.60,2102.60,631.60
652,125.90,163.90,261.00,282.10,363.80,570.80,616.20,994.00,2101.40,631.20
653,125.80,163.80,260.90,281.90,363.60,570.40,616.00,993.40,2100.20,630.80
654,125.70,163.70,260.80,281.80,363.40,570.20,615.60,993.00,2099.00,630.40
655,125.70,163.70,260.60,281.60,363.40,569.80,615.20,992.40,2097.80,630.20
656,125.60,163.60,260.50,281.50,363.20,569.60,615.00,991.80,2096.60,629.80
657,125.50,163.50,260.40,281.30,363.00,569.20,614.60,991.20,2095.40,629.40
658,125.50,163.40,260.20,281.20,362.80,569.00,614.20,990.80,2094.20,629.00
659,125.40,163.30,260.10,281.10,362.60,568.60,614.00,990.20,2093.00,628.60
660,125.30,163.20,260.00,280.90,362.40,568.40,613.60,989.60,2091.80,628.20
661,125.30,163.20,259.80,280.80,362.20,568.00,613.20,989.00,2090.60,627.80
662,125.20,163.10,259.70,280.60,362.00,567.80,613.00,988.60,2089.40,627.40
663,125.10,163.00,259.50,280.50,361.80,567.40,612.60,988.00,2088.20,627.00
664,125.10,162.90,259.40,280.30,361.60,567.20,612.40,987.40,2087.00,626.80
665,125.00,162.80,259.30,280.20,361.40,566.80,612.00,987.00,2086.00,626.40
666,125.00,162.70,259.10,280.10,361.20,566.60,611.60,986.40,2084.80,626.00
667,124.90,162.70,259.00,279.90,361.00,566.20,611.40,985.80,2083.60,625.60
668,124.80,162.60,258.90,279.80,360.80,566.00,611.00,985.20,2082.40,625.20
669,124.80,162.50,258.70,279.60,360.60,565.60,610.60,984.80,2081.20,624.80
670,124.70,162.40,258.60,279.50,360.40,565.40,610.40,984.20,2080.00,624.40
671,124.70,162.30,258.50,279.30,360.20,565.00,610.00,983.60,2078.80,624.20
672,124.60,162.20,258.30,279.20,360.00,564.80,609.80,983.20,2077.60,623.80
673,124.50,162.20,258.20,279.10,359.80,564.40,609.40,982.60,2076.40,623.40
674,124.50,162.10,258.00,278.90,359.60,564.20,609.00,982.00,2075.20,623.00
675,124.40,162.00,257.90,278.80,359.40,563.80,608.80,981.40,2074.00,622.60
676,124.30,161.90,257.80,278.60,359.20,563.60,608.40,981.00,2073.00,622.20
677,124.30,161.80,257.60,278.50,359.00,563.20,608.20,980.40,2071.80,621.80
678,124.20,161.70,257.50,278.40,358.80,563.00,607.80,979.80,2070.60,621.60
679,124.20,161.70,257.40,278.20,358.80,562.60,607.40,979.40,2069.40,621.20
680,124.10,161.60,257.20,278.10,358.60,562.40,607.20,978.80,2068.20,620.80
681,124.00,161.50,257.10,277.90,358.40,562.20,606.80,978.20,2067.00,620.40
682,124.00,161.40,256.90,277.80,358.20,561.80,606.60,977.80,2065.80,620.00
683,123.90,161.30,256.80,277.70,358.00,561.60,606.20,977.20,2064.80,619.60
684,123.90,161.30,256.70,277.50,357.80,561.20,605.80,976.60,2063.60,619.40
685,123.80,161.20,256.50,277.40,357.60,561.00,605.60,976.20,2062.40,619.00
686,123.70,161.10,256.40,277.20,357.40,560.60,605.20,975.60,2061.20,618.60
687,123.70,161.00,256.30,277.10,357.20,560.40,605.00,975.00,2060.00,618.20
688,123.60,160.90,256.10,277.00,357.00,560.00,604.60,974.60,2059.00,617.80
689,123.50,160.80,256.00,276.80,356.80,559.80,604.40,974.00,2057.80,617.40
690,123.50,160.80,255.90,276.70,356.60,559.40,604.00,973.40,2056.60,617.20
691,123.40,160.70,255.70,276.60,356.40,559.20,603.60,973.00,2055.40,616.80
692,123.40,160.60,255.60,276.40,356.20,558.80,603.40,972.40,2054.20,616.40
693,123.30,160.50,255.50,276.30,356.20,558.60,603.00,971.80,2053.20,616.00
694,123.20,160.40,255.30,276.10,356.00,558.40,602.80,971.40,2052.00,615.60
695,123.20,160.40,255.20,276.00,355.80,558.00,602.40,970.80,2050.80,615.40
696,123.10,160.30,255.10,275.90,355.60,557.80,602.20,970.20,2049.60,615.00
697,123.10,160.20,254.90,275.70,355.40,557.40,601.80,969.80,2048.60,614.60
698,123.00,160.10,254.80,275.60,355.20,557.20,601.40,969.20,2047.40,614.20
699,122.90,160.00,254.70,275.40,355.00,556.80,601.20,968.80,2046.20,613.80
700,122.90,160.00,254.50,275.30,354.80,556.60,600.80,968.20,2045.20,613.60
701,122.80,159.90,254.40,275.20,354.60,556.40,600.60,967.60,2044.00,613.20
702,122.70,159.80,254.30,275.00,354.40,556.00,600.20,967.20,2042.80,612.80
703,122.70,159.70,254.10,274.90,354.20,555.80,600.00,966.60,2041.60,612.40
704,122.60,159.60,254.00,274.80,354.00,555.40,599.60,966.00,2040.60,612.00
705,122.60,159.60,253.90,274.60,353.80,555.20,599.20,965.60,2039.40,611.80
706,122.50,159.50,253.80,274.50,353.80,554.80,599.00,965.00,2038.20,611.40
707,122.40,159.40,253.60,274.30,353.60,554.60,598.60,964.60,2037.20,611.00
708,122.40,159.30,253.50,274.20,353.40,554.40,598.40,964.00,2036.00,610.60
709,122.30,159.20,253.40,274.10,353.20,554.00,598.00,963.40,2034.80,610.20
710,122.30,159.20,253.30,273.90,353.00,553.80,597.80,963.00,2033.80,610.00
711,122.20,159.10,253.10,273.80,352.80,553.40,597.40,962.40,2032.60,609.60
712,122.10,159.00,253.00,273.70,352.60,553.20,597.20,962.00,2031.60,609.20
713,122.10,158.90,252.80,273.50,352.40,552.80,597.00,961.40,2030.40,608.80
714,122.00,158.80,252.70,273.40,352.20,552.60,596.80,961.00,2029.20,608.60
715,122.00,158.80,252.50,273.30,352.00,552.40,596.20,960.40,2028.20,608.20
716,121.90,158.70,252.40,273.10,351.80,552.00,595.80,959.80,2027.00,607.80
717,121.80,158.60,252.30,273.00,351.60,551.80,595.60,959.40,2025.80,607.40
718,121.80,158.50,252.20,272.90,351.60,551.40,595.20,958.80,2024.80,607.20
719,121.70,158.40,252.00,272.70,351.40,551.20,595.00,958.40,2023.60,606.80
720,121.70,158.40,251.90,272.60,351.20,551.00,594.60,957.80,2022.60,606.40
721,121.60,158.30,251.80,272.50,351.00,550.60,594.40,957.40,2021.40,606.00
722,121.60,158.20,251.70,272.30,350.80,550.40,594.00,956.80,2020.20,605.80
723,121.50,158.10,251.50,272.20,350.60,550.00,593.80,956.20,2019.20,605.40
724,121.40,158.00,251.40,272.10,350.40,549.80,593.40,955.80,2018.00,605.00
725,121.40,158.00,251.30,271.90,350.20,549.40,593.20,955.20,2017.00,604.60
726,121.30,157.90,251.20,271.80,350.00,549.20,592.80,954.80,2015.80,604.40
727,121.30,157.80,251.00,271.70,349.80,549.00,592.60,954.20,2014.80,604.00
728,121.20,157.70,250.90,271.50,349.80,548.60,592.20,953.80,2013.60,603.60
729,121.10,157.70,250.80,271.40,349.60,548.40,592.00,953.20,2012.40,603.20
730,121.10,157.60,250.70,271.30,349.40,548.20,591.60,952.80,2011.40,603.00
731,121.00,157.50,250.50,271.10,349.20,547.80,591.40,952.20,2010.20,602.60
732,121.00,157.40,250.40,271.00,349.00,547.60,591.00,951.60,2009.20,602.20
733,120.90,157.30,250.30,270.90,348.80,547.20,590.80,951.20,2008.00,601.80
734,120.80,157.30,250.20,270.70,348.60,547.00,590.40,950.60,2007.00,601.60
735,120.80,157.20,250.00,270.60,348.40,546.80,590.20,950.20,2005.80,601.20
736,120.70,157.10,249.90,270.50,348.20,546.40,589.80,949.60,2004.80,600.80
737,120.70,157.00,249.80,270.30,348.20,546.20,589.60,949.20,2003.60,600.40
738,120.60,157.00,249.70,270.20,348.00,545.80,589.20,948.60,2002.60,600.20
739,120.50,156.90,249.50,270.10,347.80,545.60,589.00,948.20,2001.40,599.80
740,120.50,156.80,249.40,269.90,347.60,545.40,588.60,947.60,2000.40,599.40
741,120.40,156.70,249.30,269.80,347.40,545.00,588.40,947.20,1999.40,599.20
742,120.40,156.60,249.20,269.70,347.20,544.80,588.00,946.60,1998.20,598.80
743,120.30,156.60,249.00,269.50,347.00,544.40,587.80,946.20,1997.20,598.40
744,120.30,156.50,248.90,269.40,347.00,544.20,587.40,945.60,1996.00,598.00
745,120.20,156.40,248.80,269.30,346.80,544.00,587.20,945.20,1995.00,597.80
746,120.10,156.30,248.70,269.10,346.60,543.60,586.80,944.60,1993.80,597.40
747,120.10,156.30,248.50,269.00,346.40,543.40,586.60,944.20,1992.80,597.00
748,120.00,156.20,248.40,268.90,346.20,543.20,586.20,943.60,1991.60,596.80
749,120.00,156.10,248.30,268.70,346.00,542.80,586.00,943.20,1990.60,596.40
750,119.90,156.00,248.20,268.60,345.80,542.60,585.60,942.60,1989.60,596.00
751,119.90,156.00,248.00,268.50,345.60,542.40,585.40,942.20,1988.40,595.80
752,119.80,155.90,247.90,268.40,345.40,542.00,585.00,941.60,1987.40,595.40
753,119.70,155.80,247.80,268.20,345.40,541.80,584.80,941.20,1986.20,595.00
754,119.70,155.70,247.70,268.10,345.20,541.40,584.40,940.60,1985.20,594.80
755,119.60,155.60,247.50,268.00,345.00,541.20,584.20,940.20,1984.20,594.40
756,119.60,155.60,247.40,267.80,344.80,541.00,583.80,939.60,1983.00,594.00
757,119.50,155.50,247.30,267.70,344.60,540.60,583.60,939.20,1982.00,593.60
758,119.40,155.40,247.20,267.60,344.40,540.40,583.20,938.80,1981.00,593.40
759,119.40,155.30,247.00,267.40,344.20,540.20,583.00,938.20,1979.80,593.00
760,119.30,155.30,246.90,267.30,344.00,539.80,582.60,937.80,1978.80,592.60
761,119.30,155.20,246.80,267.20,344.00,539.60,582.40,937.20,1977.60,592.40
762,119.20,155.10,246.70,267.10,343.80,539.40,582.00,936.80,1976.60,592.00
763,119.20,155.00,246.50,266.90,343.60,539.00,581.80,936.20,1975.60,591.60
764,119.10,155.00,246.40,266.80,343.40,538.80,581.60,935.80,1974.60,591.40
765,119.00,154.90,246.30,266.70,343.20,538.60,581.20,935.20,1973.40,591.00
766,119.00,154.80,246.20,266.50,343.00,538.20,581.00,934.80,1972.40,590.60
767,118.90,154.70,246.00,266.40,342.80,538.00,580.60,934.20,1971.40,590.40
768,118.90,154.70,245.90,266.30,342.60,537.60,580.40,933.80,1970.20,590.00
769,118.80,154.60,245.80,266.10,342.60,537.40,580.00,933.40,1969.20,589.60
770,118.80,154.50,245.70,266.00,342.40,537.20,579.80,932.80,1968.20,589.40
771,118.70,154.40,245.50,265.90,342.20,537.00,579.40,932.40,1967.00,589.00
772,118.60,154.40,245.40,265.80,342.00,536.60,579.20,931.80,1966.00,588.60
773,118.60,154.30,245.30,265.60,341.80,536.40,578.80,931.40,1965.00,588.40
774,118.50,154.20,245.20,265.50,341.60,536.20,578.60,930.80,1964.00,588.00
775,118.50,154.10,245.00,265.40,341.40,535.80,578.40,930.40,1962.80,587.60
776,118.40,154.10,244.90,265.30,341.40,535.60,578.00,930.00,1961.80,587.40
777,118.40,154.00,244.80,265.10,341.20,535.40,577.80,929.40,1960.80,587.00
778,118.30,153.90,244.70,265.00,341.00,535.00,577.40,929.00,1959.80,586.80
779,118.30,153.80,244.50,264.90,340.80,534.80,577.20,928.40,1958.60,586.40
780,118.20,153.80,244.40,264.70,340.60,534.60,576.80,928.00,1957.60,586.00
781,118.10,153.70,244.30,264.60,340.40,534.20,576.60,927.40,1956.60,585.80
782,118.10,153.60,244.10,264.50,340.40,534.00,576.20,927.00,1955.60,585.40
783,118.00,153.50,244.00,264.40,340.20,533.80,576.00,926.60,1954.40,585.00
784,118.00,153.50,243.90,264.20,340.00,533.40,575.80,926.00,1953.40,584.80
785,117.90,153.40,243.70,264.10,339.80,533.20,575.40,925.60,1952.40,584.40
786,117.90,153.30,243.60,264.00,339.60,533.00,575.20,925.00,1951.40,584.00
787,117.80,153.30,243.50,263.90,339.40,532.60,574.80,924.60,1950.20,583.80
788,117.80,153.20,243.40,263.70,339.20,532.40,574.60,924.20,1949.20,583.40
789,117.70,153.10,243.30,263.60,339.20,532.20,574.20,923.60,1948.20,583.20
790,117.60,153.00,243.10,263.50,339.00,531.80,574.00,923.20,1947.20,582.80
791,117.60,153.00,243.00,263.40,338.80,531.60,573.80,922.60,1946.20,582.40
792,117.50,152.90,242.90,263.20,338.60,531.40,573.40,922.20,1945.20,582.20
793,117.50,152.80,242.80,263.10,338.40,531.00,573.20,921.80,1944.00,581.80
794,117.40,152.70,242.70,263.00,338.20,530.80,572.80,921.20,1943.00,581.40
795,117.40,152.70,242.50,262.90,338.20,530.60,572.60,920.80,1942.00,581.20
796,117.30,152.60,242.40,262.70,338.00,530.40,572.20,920.40,1941.00,580.80
797,117.30,152.50,242.30,262.60,337.80,530.00,572.00,920.00,1940.00,580.60
798,117.20,152.40,242.20,262.50,337.60,529.80,571.80,919.40,1939.00,580.20
799,117.10,152.40,242.10,262.30,337.40,529.60,571.40,919.00,1938.00,579.80
800,117.10,152.30,242.00,262.20,337.20,529.20,571.20,918.60,1937.00,579.60
801,117.00,152.20,241.80,262.10,337.20,529.00,570.80,918.00,1936.00,579.20
802,117.00,152.20,241.70,262.00,337.00,528.80,570.60,917.60,1935.00,579.00
803,116.90,152.10,241.60,261.80,336.80,528.40,570.40,917.00,1934.00,578.60
804,116.90,152.00,241.50,261.70,336.60,528.20,570.00,916.60,1933.00,578.20
805,116.80,151.90,241.30,261.60,336.40,528.00,569.80,916.20,1932.00,578.00
806,116.80,151.90,241.20,261.50,336.20,527.60,569.40,915.60,1931.00,577.60
807,116.70,151.80,241.10,261.40,336.20,527.40,569.20,915.20,1930.00,577.40
808,116.60,151.70,241.00,261.20,336.00,527.20,569.00,914.80,1929.00,577.00
809,116.60,151.60,240.90,261.10,335.80,527.00,568.60,914.20,1928.00,576.60
810,116.50,151.60,240.70,261.00,335.60,526.60,568.40,913.80,1927.00,576.40
811,116.50,151.50,240.60,260.90,335.40,526.40,568.00,913.40,1926.00,576.00
812,116.40,151.40,240.50,260.70,335.20,526.20,567.80,912.80,1925.00,575.80
813,116.40,151.40,240.40,260.60,335.20,525.80,567.60,912.40,1924.00,575.40
814,116.30,151.30,240.20,260.50,335.00,525.60,567.20,912.00,1923.00,575.20
815,116.30,151.20,240.10,260.40,334.80,525.40,567.00,911.60,1922.00,574.80
816,116.20,151.10,240.00,260.20,334.60,525.20,566.60,911.00,1921.00,574.40
817,116.20,151.10,239.90,260.10,334.40,524.80,566.40,910.60,1920.00,574.20
818,116.10,151.00,239.80,260.00,334.40,524.60,566.20,910.20,1919.00,573.80
819,116.00,150.90,239.70,259.90,334.20,524.40,565.80,909.60,1918.00,573.60
820,116.00,150.90,239.60,259.80,334.00,524.20,565.60,909.20,1917.00,573.20
821,115.90,150.80,239.40,259.60,333.80,523.80,565.40,908.80,1916.00,572.80
822,115.90,150.70,239.30,259.50,333.60,523.60,565.00,908.20,1915.00,572.60
823,115.80,150.60,239.20,259.40,333.40,523.40,564.80,907.80,1914.00,572.20
824,115.80,150.60,239.10,259.30,333.40,523.00,564.40,907.40,1913.00,572.00
825,115.70,150.50,239.00,259.20,333.20,522.80,564.20,907.00,1912.00,571.60
826,115.70,150.40,238.90,259.00,333.00,522.60,564.00,906.40,1911.00,571.40
827,115.60,150.40,238.80,258.90,332.80,522.40,563.60,906.00,1910.00,571.00
828,115.60,150.30,238.70,258.80,332.60,522.00,563.40,905.60,1909.00,570.80
829,115.50,150.20,238.60,258.70,332.60,521.80,563.00,905.00,1908.00,570.40
830,115.50,150.10,238.40,258.50,332.40,521.60,562.80,904.60,1907.00,570.20
831,115.40,150.10,238.30,258.40,332.20,521.40,562.60,904.20,1906.00,569.80
832,115.30,150.00,238.20,258.30,332.00,521.00,562.20,903.60,1905.00,569.40
833,115.30,149.90,238.10,258.20,331.80,520.80,562.00,903.20,1904.00,569.20
834,115.20,149.90,238.00,258.10,331.80,520.60,561.80,902.80,1903.00,568.80
835,115.20,149.80,237.90,257.90,331.60,520.40,561.40,902.20,1902.00,568.60
836,115.10,149.70,237.80,257.80,331.40,520.00,561.20,901.80,1901.00,568.20
837,115.10,149.60,237.60,257.70,331.20,519.80,561.00,901.40,1899.80,568.00
838,115.00,149.60,237.50,257.60,331.00,519.60,560.60,901.00,1898.80,567.60
839,115.00,149.50,237.40,257.50,331.00,519.40,560.40,900.40,1897.80,567.40
840,114.90,149.40,237.20,257.30,330.80,519.00,560.20,900.00,1896.80,567.00
841,114.90,149.40,237.10,257.20,330.60,518.80,559.80,899.60,1895.80,566.60
842,114.80,149.30,237.00,257.10,330.40,518.60,559.60,899.20,1894.80,566.40
843,114.80,149.20,236.90,257.00,330.20,518.20,559.20,898.60,1893.80,566.00
844,114.70,149.20,236.80,256.90,330.20,518.00,559.00,898.20,1892.80,565.80
845,114.70,149.10,236.70,256.70,330.00,517.80,558.80,897.80,1891.80,565.40
846,114.60,149.00,236.60,256.60,329.80,517.60,558.40,897.40,1890.80,565.20
847,114.50,148.90,236.40,256.50,329.60,517.20,558.20,896.80,1889.80,564.80
848,114.50,148.90,236.30,256.40,329.40,517.00,558.00,896.40,1888.80,564.60
849,114.40,148.80,236.20,256.30,329.40,516.80,557.60,896.00,1888.00,564.20
850,114.40,148.70,236.10,256.10,329.20,516.60,557.40,895.60,1887.00,564.00
851,114.30,148.70,236.00,256.00,329.00,516.40,557.20,895.00,1886.00,563.60
852,114.30,148.60,235.90,255.90,328.80,516.00,556.80,894.60,1885.00,563.40
853,114.20,148.50,235.70,255.80,328.60,515.80,556.60,894.20,1884.00,563.00
854,114.20,148.50,235.60,255.70,328.60,515.60,556.40,893.80,1883.00,562.80
855,114.10,148.40,235.50,255.50,328.40,515.40,556.00,893.20,1882.20,562.40
856,114.10,148.30,235.40,255.40,328.20,515.00,555.80,892.80,1881.20,562.20
857,114.00,148.30,235.20,255.30,328.00,514.80,555.60,892.40,1880.20,561.80
858,114.00,148.20,235.10,255.20,327.80,514.60,555.20,892.00,1879.20,561.60
859,113.90,148.10,235.00,255.10,327.80,514.40,555.00,891.60,1878.20,561.20
860,113.90,148.00,234.90,254.90,327.60,514.20,554.80,891.00,1877.20,561.00
861,113.80,148.00,234.80,254.80,327.40,513.80,554.40,890.60,1876.40,560.60
862,113.80,147.90,234.70,254.70,327.20,513.60,554.20,890.20,1875.40,560.40
863,113.70,147.80,234.60,254.60,327.20,513.40,554.00,889.80,1874.40,560.00
864,113.70,147.80,234.50,254.50,327.00,513.00,553.60,889.20,1873.40,559.80
865,113.60,147.70,234.40,254.40,326.80,512.80,553.40,888.80,1872.40,559.40
866,113.60,147.60,234.30,254.20,326.60,512.60,553.20,888.40,1871.60,559.20
867,113.50,147.60,234.20,254.10,326.40,512.40,552.80,888.00,1870.60,558.80
868,113.40,147.50,234.10,254.00,326.40,512.00,552.60,887.40,1869.60,558.60
869,113.40,147.40,234.00,253.90,326.20,511.80,552.40,887.00,1868.60,558.20
870,113.30,147.40,233.90,253.80,326.00,511.60,552.00,886.60,1867.80,558.00
871,113.30,147.30,233.80,253.70,325.80,511.40,551.80,886.20,1866.80,557.60
872,113.20,147.20,233.70,253.50,325.80,511.20,551.60,885.80,1865.80,557.40
873,113.20,147.20,233.60,253.40,325.60,511.00,551.20,885.40,1864.80,557.00
874,113.10,147.10,233.50,253.30,325.40,510.60,551.00,884.80,1863.80,556.80
875,113.10,147.00,233.40,253.20,325.20,510.40,550.80,884.40,1863.00,556.40
876,113.00,146.90,233.30,253.10,325.00,510.20,550.40,884.00,1862.00,556.20
877,113.00,146.90,233.20,253.00,325.00,510.00,550.20,883.60,1861.00,555.80
878,112.90,146.80,233.10,252.90,324.80,509.60,550.00,883.20,1860.20,555.60
879,112.90,146.70,233.00,252.70,324.60,509.40,549.80,882.60,1859.20,555.20
880,112.80,146.70,232.90,252.60,324.40,509.20,549.40,882.20,1858.20,555.00
881,112.80,146.60,232.80,252.50,324.40,509.00,549.20,881.80,1857.20,554.80
882,112.70,146.50,232.70,252.40,324.20,508.80,549.00,881.40,1856.40,554.40
883,112.70,146.50,232.50,252.30,324.00,508.60,548.60,881.00,1855.40,554.20
884,112.60,146.40,232.40,252.20,323.80,508.20,548.40,880.60,1854.40,553.80
885,112.60,146.30,232.30,252.00,323.60,508.00,548.20,880.00,1853.60,553.60
886,112.50,146.30,232.20,251.90,323.60,507.80,547.80,879.60,1852.60,553.20
887,112.50,146.20,232.10,251.80,323.40,507.60,547.60,879.20,1851.60,553.00
888,112.40,146.10,232.00,251.70,323.20,507.40,547.40,878.80,1850.80,552.60
889,112.40,146.10,231.80,251.60,323.00,507.00,547.20,878.40,1849.80,552.40
890,112.30,146.00,231.70,251.50,323.00,506.80,546.80,878.00,1848.80,552.00
891,112.30,145.90,231.60,251.40,322.80,506.60,546.60,877.60,1848.00,551.80
892,112.20,145.90,231.50,251.20,322.60,506.40,546.40,877.00,1847.00,551.60
893,112.20,145.80,231.40,251.10,322.40,506.20,546.00,876.60,1846.00,551.20
894,112.10,145.70,231.30,251.00,322.40,505.80,545.80,876.20,1845.20,551.00
895,112.10,145.70,231.10,250.90,322.20,505.60,545.60,875.80,1844.20,550.60
896,112.00,145.60,231.00,250.80,322.00,505.40,545.40,875.40,1843.20,550.40
897,112.00,145.50,230.90,250.70,321.80,505.20,545.00,875.00,1842.40,550.00
898,111.90,145.50,230.80,250.60,321.80,505.00,544.80,874.60,1841.40,549.80
899,111.90,145.40,230.70,250.40,321.60,504.80,544.60,874.00,1840.40,549.40
900,111.80,145.30,230.60,250.30,321.40,504.40,544.20,873.60,1839.60,549.20
901,111.80,145.30,230.50,250.20,321.20,504.20,544.00,873.20,1838.60,548.80
902,111.70,145.20,230.40,250.10,321.20,504.00,543.80,872.80,1837.80,548.60
903,111.70,145.10,230.30,250.00,321.00,503.80,543.60,872.40,1836.80,548.40
904,111.60,145.10,230.20,249.90,320.80,503.60,543.20,872.00,1835.80,548.00
905,111.60,145.00,230.00,249.80,320.60,503.20,543.00,871.40,1835.00,547.80
906,111.50,144.90,229.90,249.70,320.60,503.00,542.80,871.00,1834.00,547.40
907,111.50,144.90,229.80,249.50,320.40,502.80,542.40,870.60,1833.20,547.20
908,111.40,144.80,229.70,249.40,320.20,502.60,542.20,870.20,1832.20,546.80
909,111.40,144.70,229.60,249.30,320.00,502.40,542.00,869.80,1831.20,546.60
910,111.30,144.70,229.50,249.20,320.00,502.20,541.80,869.40,1830.40,546.40
911,111.30,144.60,229.40,249.10,319.80,501.80,541.40,869.00,1829.60,546.00
912,111.20,144.50,229.30,249.00,319.60,501.60,541.20,868.60,1828.60,545.80
913,111.20,144.50,229.20,248.90,319.40,501.40,541.00,868.20,1827.80,545.40
914,111.10,144.40,229.00,248.80,319.40,501.20,540.80,867.60,1827.00,545.20
915,111.10,144.40,228.90,248.60,319.20,501.00,540.40,867.20,1826.20,545.00
916,111.00,144.30,228.80,248.50,319.00,500.80,540.20,866.80,1825.20,544.60
917,111.00,144.20,228.70,248.40,318.80,500.40,540.00,866.40,1824.40,544.40
918,110.90,144.20,228.60,248.30,318.80,500.20,539.60,866.00,1823.40,544.00
919,110.90,144.10,228.50,248.20,318.60,500.00,539.40,865.60,1822.60,543.80
920,110.80,144.00,228.40,248.10,318.40,499.80,539.20,865.20,1821.60,543.40
921,110.80,144.00,228.30,248.00,318.20,499.60,539.00,864.80,1820.80,543.20
922,110.70,143.90,228.20,247.90,318.20,499.40,538.60,864.40,1819.80,543.00
923,110.70,143.80,228.10,247.70,318.00,499.00,538.40,864.00,1818.80,542.60
924,110.60,143.80,228.00,247.60,317.80,498.80,538.20,863.40,1818.00,542.40
925,110.60,143.70,227.90,247.50,317.60,498.60,538.00,863.00,1817.20,542.00
926,110.50,143.60,227.70,247.40,317.60,498.40,537.60,862.60,1816.20,541.80
927,110.50,143.60,227.60,247.30,317.40,498.20,537.40,862.20,1815.40,541.60
928,110.40,143.50,227.50,247.20,317.20,498.00,537.20,861.80,1814.40,541.20
929,110.40,143.40,227.40,247.10,317.00,497.60,537.00,861.40,1813.60,541.00
930,110.30,143.40,227.30,247.00,317.00,497.40,536.60,861.00,1812.60,540.60
931,110.30,143.30,227.20,246.90,316.80,497.20,536.40,860.60,1811.80,540.40
932,110.20,143.20,227.10,246.80,316.60,497.00,536.20,860.20,1810.80,540.20
933,110.20,143.20,227.00,246.60,316.40,496.80,536.00,859.80,1810.00,539.80
934,110.10,143.10,226.90,246.50,316.40,496.60,535.60,859.40,1809.00,539.60
935,110.10,143.10,226.80,246.40,316.20,496.40,535.40,859.00,1808.20,539.20
936,110.00,143.00,226.70,246.30,316.00,496.00,535.20,858.60,1807.20,539.00
937,110.00,142.90,226.60,246.20,316.00,495.80,535.00,858.00,1806.20,538.80
938,109.90,142.90,226.50,246.10,315.80,495.60,534.80,857.60,1805.40,538.40
939,109.90,142.80,226.40,246.00,315.60,495.40,534.40,857.20,1804.60,538.20
940,109.80,142.70,226.30,245.90,315.40,495.20,534.20,856.80,1803.60,538.00
941,109.80,142.70,226.20,245.80,315.40,495.00,534.00,856.40,1802.80,537.60
942,109.70,142.60,226.10,245.70,315.20,494.80,533.80,856.00,1802.00,537.40
943,109.70,142.50,226.00,245.50,315.00,494.60,533.40,855.60,1801.00,537.00
944,109.60,142.50,225.90,245.40,314.80,494.20,533.20,855.20,1800.20,536.80
945,109.60,142.40,225.80,245.30,314.80,494.00,533.00,854.80,1799.20,536.60
946,109.50,142.30,225.70,245.20,314.60,493.80,532.80,854.40,1798.40,536.20
947,109.50,142.30,225.60,245.10,314.40,493.60,532.40,854.00,1797.60,536.00
948,109.50,142.20,225.50,245.00,314.40,493.40,532.20,853.60,1796.60,535.80
949,109.40,142.20,225.40,244.90,314.20,493.20,532.00,853.20,1795.80,535.40
950,109.40,142.10,225.30,244.80,314.00,493.00,531.80,852.80,1794.90,535.20
951,109.30,142.00,225.10,244.70,313.80,492.60,531.60,852.40,1794.00,534.80
952,109.30,142.00,225.00,244.60,313.80,492.40,531.20,852.00,1793.20,534.60
953,109.20,141.90,224.90,244.50,313.60,492.20,531.00,851.60,1792.20,534.40
954,109.20,141.80,224.80,244.30,313.40,492.00,530.80,851.20,1791.40,534.00
955,109.10,141.80,224.70,244.20,313.20,491.80,530.60,850.80,1790.40,533.80
956,109.10,141.70,224.60,244.10,313.20,491.60,530.20,850.40,1789.60,533.60
957,109.00,141.60,224.50,244.00,313.00,491.40,530.00,850.00,1788.80,533.20
958,109.00,141.60,224.40,243.90,312.80,491.20,529.80,849.60,1787.90,533.00
959,108.90,141.50,224.30,243.80,312.80,491.00,529.60,849.20,1787.00,532.80
960,108.90,141.50,224.20,243.70,312.60,490.60,529.40,848.80,1786.00,532.40
961,108.80,141.40,224.10,243.60,312.40,490.40,529.00,848.20,1785.20,532.20
962,108.80,141.30,224.00,243.50,312.20,490.20,528.80,847.80,1784.40,532.00
963,108.70,141.30,223.90,243.40,312.20,490.00,528.60,847.40,1783.60,531.60
964,108.70,141.20,223.80,243.30,312.00,489.80,528.40,847.00,1782.60,531.40
965,108.60,141.10,223.70,243.20,311.80,489.60,528.20,846.60,1781.80,531.00
966,108.60,141.10,223.60,243.10,311.80,489.40,527.80,846.20,1781.00,530.80
967,108.60,141.00,223.50,243.00,311.60,489.20,527.60,845.80,1780.00,530.60
968,108.50,141.00,223.40,242.80,311.40,489.00,527.40,845.40,1779.20,530.20
969,108.50,140.90,223.30,242.70,311.40,488.60,527.20,845.00,1778.20,530.00
970,108.40,140.80,223.20,242.60,311.20,488.40,527.00,844.60,1777.40,529.80
971,108.40,140.80,223.10,242.50,311.00,488.20,526.60,844.20,1776.40,529.40
972,108.30,140.70,223.00,242.40,310.80,488.00,526.40,843.80,1775.60,529.20
973,108.30,140.60,222.90,242.30,310.80,487.80,526.20,843.40,1774.80,529.00
974,108.20,140.60,222.80,242.20,310.60,487.60,526.00,843.00,1774.00,528.60
975,108.20,140.50,222.70,242.10,310.40,487.40,525.80,842.60,1773.00,528.40
976,108.10,140.50,222.60,242.00,310.40,487.20,525.40,842.20,1772.20,528.20
977,108.10,140.40,222.50,241.90,310.20,487.00,525.20,841.80,1771.40,527.80
978,108.00,140.30,222.40,241.80,310.00,486.60,525.00,841.60,1770.40,527.60
979,108.00,140.30,222.30,241.70,309.80,486.40,524.80,841.20,1769.60,527.40
980,107.90,140.20,222.20,241.60,309.80,486.20,524.60,840.80,1768.80,527.00
981,107.90,140.20,222.10,241.50,309.60,486.00,524.20,840.40,1768.00,526.80
982,107.80,140.10,222.00,241.40,309.40,485.80,524.00,840.00,1767.20,526.60
983,107.80,140.00,221.90,241.30,309.40,485.60,523.80,839.60,1766.40,526.20
984,107.70,140.00,221.80,241.10,309.20,485.40,523.60,839.20,1765.40,526.00
985,107.70,139.90,221.70,241.00,309.00,485.20,523.40,838.80,1764.60,525.80
986,107.70,139.80,221.60,240.90,309.00,485.00,523.00,838.40,1763.80,525.40
987,107.60,139.80,221.50,240.80,308.80,484.80,522.80,838.00,1762.80,525.20
988,107.60,139.70,221.40,240.70,308.60,484.60,522.60,837.60,1762.00,525.00
989,107.50,139.70,221.30,240.60,308.40,484.20,522.40,837.20,1761.20,524.80
990,107.50,139.60,221.20,240.50,308.40,484.00,522.20,836.80,1760.40,524.40
991,107.40,139.50,221.10,240.40,308.20,483.80,522.00,836.40,1759.40,524.20
992,107.40,139.50,221.00,240.30,308.00,483.60,521.60,836.00,1758.60,524.00
993,107.30,139.40,220.90,240.20,308.00,483.40,521.40,835.60,1757.80,523.60
994,107.30,139.40,220.80,240.10,307.80,483.20,521.20,835.20,1757.00,523.40
995,107.20,139.30,220.70,240.00,307.60,483.00,521.00,834.80,1756.20,523.20
996,107.20,139.20,220.60,239.90,307.60,482.80,520.80,834.40,1755.20,522.80
997,107.10,139.20,220.50,239.80,307.40,482.60,520.40,834.00,1754.40,522.60
998,107.10,139.10,220.40,239.70,307.20,482.40,520.20,833.60,1753.60,522.40
999,107.10,139.00,220.30,239.60,307.00,482.20,520.00,833.20,1752.80,522.00
1000,107.00,139.00,220.20,239.50,307.00,482.00,519.80,832.80,1752.00,521.80
1001,107.00,138.90,220.10,239.40,306.80,481.60,519.60,832.40,1751.00,521.60
1002,106.90,138.90,220.00,239.30,306.60,481.40,519.40,832.20,1750.20,521.40
1003,106.90,138.80,219.90,239.20,306.60,481.20,519.00,831.80,1749.40,521.00
1004,106.80,138.70,219.80,239.10,306.40,481.00,518.80,831.40,1748.60,520.80
1005,106.80,138.70,219.70,239.00,306.20,480.80,518.60,831.00,1747.80,520.60
1006,106.70,138.60,219.60,238.90,306.20,480.60,518.40,830.60,1746.80,520.20
1007,106.70,138.60,219.50,238.80,306.00,480.40,518.20,830.20,1746.00,520.00
1008,106.60,138.50,219.40,238.70,305.80,480.20,518.00,829.80,1745.20,519.80
1009,106.60,138.40,219.30,238.60,305.80,480.00,517.80,829.40,1744.40,519.40
1010,106.50,138.40,219.20,238.50,305.60,479.80,517.40,829.00,1743.60,519.20
1011,106.50,138.30,219.10,238.40,305.40,479.60,517.20,828.60,1742.80,519.00
1012,106.40,138.30,219.00,238.30,305.40,479.40,517.00,828.20,1741.80,518.80
1013,106.40,138.20,218.90,238.20,305.20,479.20,516.80,827.80,1741.00,518.40
1014,106.40,138.10,218.80,238.10,305.00,479.00,516.60,827.40,1740.20,518.20
1015,106.30,138.10,218.70,238.00,305.00,478.60,516.40,827.20,1739.60,518.00
1016,106.30,138.00,218.60,237.90,304.80,478.40,516.00,826.80,1738.60,517.80
1017,106.20,138.00,218.50,237.80,304.60,478.20,515.80,826.40,1737.80,517.40
1018,106.20,137.90,218.40,237.70,304.60,478.00,515.60,826.00,1737.00,517.20
1019,106.10,137.80,218.30,237.60,304.40,477.80,515.40,825.60,1736.20,517.00
1020,106.10,137.80,218.20,237.50,304.20,477.60,515.20,825.20,1735.60,516.60
1021,106.00,137.70,218.10,237.40,304.00,477.40,515.00,824.80,1734.60,516.40
1022,106.00,137.70,218.00,237.30,304.00,477.20,514.60,824.40,1733.80,516.20
1023,106.00,137.60,217.90,237.20,303.80,477.00,514.40,824.00,1732.80,516.00
1024,105.90,137.50,217.80,237.10,303.60,476.80,514.20,823.60,1732.00,515.60
1025,105.90,137.50,217.70,237.00,303.60,476.60,514.00,823.40,1731.20,515.40
1026,105.80,137.40,217.60,236.90,303.40,476.40,513.80,823.00,1730.40,515.20
1027,105.80,137.40,217.50,236.80,303.20,476.20,513.60,822.60,1729.60,515.00
1028,105.70,137.30,217.40,236.70,303.20,476.00,513.40,822.20,1728.80,514.60
1029,105.70,137.30,217.30,236.60,303.00,475.80,513.20,821.80,1728.00,514.40
1030,105.60,137.20,217.20,236.50,302.80,475.60,512.80,821.40,1727.00,514.20
1031,105.60,137.10,217.10,236.40,302.80,475.40,512.60,821.00,1726.20,514.00
1032,105.60,137.10,217.00,236.30,302.60,475.20,512.40,820.60,1725.40,513.60
1033,105.50,137.00,216.90,236.20,302.40,474.80,512.20,820.20,1724.60,513.40
1034,105.50,137.00,216.80,236.10,302.40,474.60,512.00,820.00,1723.80,513.20
1035,105.40,136.90,216.70,236.00,302.20,474.40,511.80,819.60,1723.00,512.80
1036,105.40,136.80,216.70,235.90,302.00,474.20,511.60,819.20,1722.20,512.60
1037,105.30,136.80,216.60,235.80,302.00,474.00,511.20,818.80,1721.40,512.40
1038,105.30,136.70,216.50,235.70,301.80,473.80,511.00,818.40,1720.60,512.20
1039,105.20,136.70,216.40,235.60,301.60,473.60,510.80,818.00,1719.80,511.80
1040,105.20,136.60,216.30,235.50,301.60,473.40,510.60,817.60,1719.00,511.60
1041,105.20,136.50,216.20,235.40,301.40,473.20,510.40,817.20,1718.20,511.40
1042,105.10,136.50,216.10,235.30,301.20,473.00,510.20,817.00,1717.40,511.20
1043,105.10,136.40,216.00,235.20,301.20,472.80,510.00,816.60,1716.60,510.80
1044,105.00,136.40,215.90,235.10,301.00,472.60,509.80,816.20,1715.80,510.60
1045,105.00,136.30,215.80,235.00,300.80,472.40,509.40,815.80,1715.00,510.40
1046,104.90,136.20,215.70,234.90,300.80,472.20,509.20,815.40,1714.20,510.20
1047,104.90,136.20,215.60,234.80,300.60,472.00,509.00,815.00,1713.40,509.80
1048,104.80,136.10,215.50,234.70,300.40,471.80,508.80,814.60,1712.60,509.60
1049,104.80,136.10,215.40,234.60,300.40,471.60,508.60,814.40,1711.80,509.40
1050,104.70,136.00,215.30,234.50,300.20,471.40,508.40,814.00,1711.00,509.20
1051,104.70,136.00,215.20,234.40,300.00,471.20,508.20,813.60,1710.20,509.00
1052,104.70,135.90,215.10,234.30,300.00,471.00,508.00,813.20,1709.40,508.60
1053,104.60,135.80,215.00,234.20,299.80,470.80,507.60,812.80,1708.60,508.40
1054,104.60,135.80,214.90,234.10,299.60,470.60,507.40,812.40,1707.80,508.20
1055,104.50,135.70,214.80,234.00,299.60,470.40,507.20,812.00,1707.00,508.00
1056,104.50,135.70,214.70,233.90,299.40,470.20,507.00,811.80,1706.20,507.60
1057,104.40,135.60,214.60,233.80,299.20,470.00,506.80,811.40,1705.40,507.40
1058,104.40,135.60,214.50,233.70,299.20,469.80,506.60,811.00,1704.60,507.20
1059,104.40,135.50,214.50,233.60,299.00,469.60,506.40,810.60,1703.80,507.00
1060,104.30,135.40,214.40,233.50,298.80,469.40,506.20,810.20,1703.00,506.60
1061,104.30,135.40,214.30,233.40,298.80,469.20,506.00,810.00,1702.20,506.40
1062,104.20,135.30,214.20,233.30,298.60,468.80,505.60,809.60,1701.40,506.20
1063,104.20,135.30,214.10,233.20,298.60,468.60,505.40,809.20,1700.60,506.00
1064,104.10,135.20,214.00,233.10,298.40,468.40,505.20,808.80,1699.80,505.80
1065,104.10,135.20,213.90,233.00,298.20,468.20,505.00,808.40,1699.00,505.40
1066,104.00,135.10,213.80,232.90,298.20,468.00,504.80,808.00,1698.20,505.20
1067,104.00,135.00,213.70,232.80,298.00,467.80,504.60,807.60,1697.40,505.00
1068,104.00,135.00,213.60,232.70,297.80,467.60,504.40,807.40,1696.60,504.80
1069,103.90,134.90,213.50,232.60,297.80,467.40,504.20,807.00,1695.80,504.40
1070,103.90,134.90,213.50,232.50,297.60,467.20,504.00,806.60,1695.20,504.20
1071,103.80,134.80,213.40,232.40,297.40,467.00,503.80,806.20,1694.40,504.00
1072,103.80,134.80,213.30,232.30,297.40,466.80,503.40,805.80,1693.60,503.80
1073,103.70,134.70,213.20,232.20,297.20,466.60,503.20,805.40,1692.80,503.60
1074,103.70,134.60,213.10,232.10,297.00,466.40,503.00,805.20,1692.00,503.20
1075,103.70,134.60,213.00,232.00,297.00,466.20,502.80,804.80,1691.20,503.00
1076,103.60,134.50,212.90,231.90,296.80,466.00,502.60,804.40,1690.40,502.80
1077,103.60,134.50,212.80,231.80,296.60,465.80,502.40,804.00,1689.60,502.60
1078,103.50,134.40,212.70,231.70,296.60,465.60,502.20,803.60,1688.80,502.40
1079,103.50,134.40,212.60,231.60,296.40,465.40,502.00,803.40,1688.00,502.00
1080,103.40,134.30,212.50,231.50,296.40,465.20,501.80,803.00,1687.40,501.80
1081,103.40,134.20,212.50,231.40,296.20,465.00,501.60,802.60,1686.60,501.60
1082,103.40,134.20,212.40,231.30,296.00,464.80,501.40,802.20,1685.80,501.40
1083,103.30,134.10,212.30,231.20,296.00,464.60,501.00,801.80,1685.00,501.20
1084,103.30,134.10,212.20,231.20,295.80,464.40,500.80,801.60,1684.20,501.00
1085,103.20,134.00,212.10,231.10,295.60,464.20,500.60,801.20,1683.40,500.60
1086,103.20,134.00,212.00,231.00,295.60,464.00,500.40,800.80,1682.60,500.40
1087,103.10,133.90,211.90,230.90,295.40,463.80,500.20,800.40,1681.80,500.20
1088,103.10,133.80,211.80,230.80,295.20,463.60,500.00,800.00,1681.20,500.00
1089,103.10,133.80,211.80,230.70,295.20,463.40,499.80,799.80,1680.40,499.80
1090,103.00,133.70,211.70,230.60,295.00,463.20,499.60,799.40,1679.60,499.60
1091,103.00,133.70,211.60,230.50,294.80,463.00,499.40,799.00,1678.80,499.20
1092,102.90,133.60,211.50,230.40,294.80,462.80,499.20,798.60,1678.00,499.00
1093,102.90,133.60,211.40,230.30,294.60,462.60,499.00,798.20,1677.20,498.80
1094,102.80,133.50,211.30,230.20,294.60,462.40,498.80,798.00,1676.60,498.60
1095,102.80,133.50,211.20,230.10,294.40,462.20,498.40,797.60,1675.80,498.40
1096,102.80,133.40,211.10,230.00,294.20,462.00,498.20,797.20,1675.00,498.00
1097,102.70,133.30,211.00,229.90,294.20,461.80,498.00,796.80,1674.20,497.80
1098,102.70,133.30,210.90,229.80,294.00,461.60,497.80,796.60,1673.40,497.60
1099,102.60,133.20,210.80,229.70,293.80,461.40,497.60,796.20,1672.60,497.40
1100,102.60,133.20,210.70,229.60,293.80,461.20,497.40,795.80,1671.80,497.20
1101,102.50,133.10,210.60,229.50,293.60,461.00,497.20,795.40,1671.20,497.00
1102,102.50,133.10,210.50,229.40,293.60,460.80,497.00,795.20,1670.40,496.60
1103,102.50,133.00,210.40,229.30,293.40,460.60,496.80,794.80,1669.60,496.40
1104,102.40,132.90,210.30,229.20,293.20,460.40,496.60,794.40,1668.80,496.20
1105,102.40,132.90,210.20,229.10,293.20,460.20,496.40,794.00,1668.00,496.00
1106,102.30,132.80,210.10,229.00,293.00,460.00,496.20,793.60,1667.40,495.80
1107,102.30,132.80,210.10,228.90,292.80,459.80,496.00,793.40,1666.60,495.40
1108,102.30,132.70,210.00,228.90,292.80,459.60,495.80,793.00,1665.80,495.20
1109,102.20,132.70,209.90,228.80,292.60,459.40,495.60,792.60,1665.00,495.00
1110,102.20,132.60,209.80,228.70,292.60,459.40,495.40,792.20,1664.20,494.80
1111,102.10,132.60,209.70,228.60,292.40,459.20,495.20,792.00,1663.60,494.60
1112,102.10,132.50,209.60,228.50,292.20,459.00,495.00,791.60,1662.80,494.40
1113,102.00,132.50,209.50,228.40,292.20,458.80,494.80,791.20,1662.00,494.00
1114,102.00,132.40,209.40,228.30,292.00,458.60,494.60,790.80,1661.20,493.80
1115,102.00,132.30,209.30,228.20,291.80,458.40,494.40,790.60,1660.60,493.60
1116,101.90,132.30,209.30,228.10,291.80,458.20,494.20,790.20,1659.80,493.40
1117,101.90,132.20,209.20,228.00,291.60,458.00,494.00,789.80,1659.00,493.20
1118,101.80,132.20,209.10,227.90,291.60,457.80,493.60,789.40,1658.20,493.00
1119,101.80,132.10,209.00,227.80,291.40,457.60,493.40,789.20,1657.60,492.60
1120,101.70,132.10,208.90,227.70,291.20,457.40,493.20,788.80,1656.80,492.40
1121,101.70,132.00,208.80,227.60,291.20,457.20,493.00,788.40,1656.00,492.20
1122,101.70,132.00,208.70,227.50,291.00,457.00,492.80,788.00,1655.20,492.00
1123,101.60,131.90,208.60,227.40,290.80,456.80,492.60,787.80,1654.40,491.80
1124,101.60,131.80,208.50,227.30,290.80,456.60,492.40,787.40,1653.80,491.60
1125,101.50,131.80,208.40,227.20,290.60,456.40,492.20,787.00,1653.00,491.40
1126,101.50,131.70,208.40,227.20,290.60,456.20,492.00,786.80,1652.20,491.00
1127,101.50,131.70,208.30,227.10,290.40,456.00,491.80,786.40,1651.60,490.80
1128,101.40,131.60,208.20,227.00,290.20,455.80,491.60,786.00,1650.80,490.60
1129,101.40,131.60,208.10,226.90,290.20,455.60,491.40,785.60,1650.00,490.40
1130,101.30,131.50,208.00,226.80,290.00,455.40,491.20,785.40,1649.40,490.20
1131,101.30,131.50,207.90,226.70,289.80,455.20,491.00,785.00,1648.60,490.00
1132,101.20,131.40,207.80,226.60,289.80,455.00,490.80,784.60,1647.80,489.60
1133,101.20,131.40,207.70,226.50,289.60,454.80,490.60,784.20,1647.00,489.40
1134,101.20,131.30,207.70,226.40,289.60,454.60,490.40,784.00,1646.40,489.20
1135,101.10,131.20,207.60,226.30,289.40,454.40,490.20,783.60,1645.60,489.00
1136,101.10,131.20,207.50,226.20,289.20,454.20,490.00,783.20,1644.80,488.80
1137,101.00,131.10,207.40,226.10,289.20,454.00,489.80,783.00,1644.20,488.60
1138,101.00,131.10,207.30,226.00,289.00,453.80,489.60,782.80,1643.40,488.40
1139,101.00,131.00,207.20,225.90,289.00,453.80,489.40,782.40,1642.60,488.00
1140,100.90,131.00,207.10,225.80,288.80,453.60,489.00,782.00,1641.80,487.80
1141,100.90,130.90,207.00,225.80,288.60,453.40,488.80,781.60,1641.20,487.60
1142,100.80,130.90,207.00,225.70,288.60,453.20,488.60,781.20,1640.40,487.40
1143,100.80,130.80,206.90,225.60,288.40,453.00,488.40,780.80,1639.80,487.20
1144,100.80,130.80,206.80,225.50,288.40,452.80,488.20,780.60,1639.00,487.00
1145,100.70,130.70,206.70,225.40,288.10,452.60,488.00,780.20,1638.20,486.80
1146,100.70,130.60,206.60,225.30,288.00,452.40,487.80,779.80,1637.60,486.40
1147,100.60,130.60,206.50,225.20,288.00,452.20,487.60,779.40,1636.80,486.20
1148,100.60,130.50,206.40,225.10,287.80,452.00,487.40,779.20,1636.00,486.00
1149,100.60,130.50,206.30,225.00,287.60,451.80,487.20,778.80,1635.40,485.80
1150,100.50,130.40,206.30,224.90,287.60,451.60,487.00,778.40,1634.60,485.60
1151,100.50,130.40,206.20,224.80,287.40,451.40,486.80,778.20,1633.80,485.40
1152,100.40,130.30,206.10,224.70,287.40,451.20,486.60,777.80,1633.20,485.20
1153,100.40,130.30,206.00,224.70,287.20,451.00,486.40,777.40,1632.40,485.00
1154,100.40,130.20,205.90,224.60,287.00,450.80,486.20,777.20,1631.60,484.80
1155,100.30,130.20,205.80,224.50,287.00,450.60,486.00,776.80,1631.00,484.40
1156,100.30,130.10,205.70,224.40,286.80,450.40,485.80,776.40,1630.20,484.20
1157,100.20,130.10,205.60,224.30,286.80,450.20,485.60,776.20,1629.40,484.00
1158,100.20,130.00,205.50,224.20,286.60,450.00,485.40,775.80,1628.80,483.80
1159,100.10,130.00,205.50,224.10,286.40,450.00,485.20,775.40,1628.00,483.60
1160,100.10,129.90,205.40,224.00,286.40,449.80,485.00,775.20,1627.40,483.40
1161,100.10,129.90,205.30,223.90,286.20,449.60,484.80,774.80,1626.60,483.20
1162,100.00,129.80,205.20,223.80,286.20,449.40,484.60,774.40,1625.80,483.00
1163,100.00,129.70,205.10,223.80,286.00,449.20,484.40,774.00,1625.20,482.80
1164,99.90,129.70,205.00,223.70,285.80,449.00,484.20,773.80,1624.40,482.40
1165,99.90,129.60,205.00,223.60,285.80,448.80,484.00,773.40,1623.60,482.20
1166,99.90,129.60,204.90,223.50,285.60,448.60,483.80,773.00,1623.00,482.00
1167,99.80,129.50,204.80,223.40,285.60,448.40,483.60,772.80,1622.20,481.80
1168,99.80,129.50,204.70,223.30,285.40,448.20,483.40,772.40,1621.60,481.60
1169,99.70,129.40,204.60,223.20,285.20,448.00,483.20,772.00,1620.80,481.40
1170,99.70,129.40,204.50,223.10,285.20,447.80,483.00,771.80,1620.00,481.20
1171,99.70,129.30,204.50,223.00,285.00,447.60,482.80,771.40,1619.40,481.00
1172,99.60,129.30,204.40,222.90,285.00,447.40,482.60,771.00,1618.60,480.80
1173,99.60,129.20,204.30,222.90,284.80,447.20,482.40,770.80,1618.00,480.40
1174,99.50,129.20,204.20,222.80,284.60,447.20,482.20,770.40,1617.20,480.20
1175,99.50,129.10,204.10,222.70,284.60,447.00,482.00,770.00,1616.60,480.00
1176,99.50,129.10,204.00,222.60,284.40,446.80,481.80,769.80,1615.80,479.80
1177,99.40,129.00,204.00,222.50,284.40,446.60,481.60,769.40,1615.00,479.60
1178,99.40,129.00,203.90,222.40,284.20,446.40,481.40,769.00,1614.40,479.40
1179,99.40,128.90,203.80,222.30,284.20,446.20,481.20,768.80,1613.60,479.20
1180,99.30,128.90,203.70,222.20,284.00,446.00,481.00,768.40,1612.80,479.00
1181,99.30,128.80,203.60,222.10,283.80,445.80,480.80,768.00,1612.20,478.80
1182,99.20,128.80,203.50,222.00,283.80,445.60,480.60,767.80,1611.60,478.60
1183,99.20,128.70,203.50,222.00,283.60,445.40,480.40,767.40,1610.80,478.20
1184,99.20,128.60,203.40,221.90,283.60,445.20,480.20,767.20,1610.20,478.00
1185,99.10,128.60,203.30,221.80,283.40,445.00,480.00,766.80,1609.60,477.80
1186,99.10,128.50,203.20,221.70,283.20,444.80,479.80,766.40,1608.80,477.60
1187,99.00,128.50,203.10,221.60,283.20,444.80,479.60,766.20,1608.00,477.40
1188,99.00,128.40,203.00,221.50,283.00,444.60,479.40,765.80,1607.20,477.20
1189,99.00,128.40,202.90,221.40,283.00,444.40,479.20,765.40,1606.60,477.00
1190,98.90,128.30,202.80,221.30,282.80,444.20,479.00,765.20,1605.80,476.80
1191,98.90,128.30,202.80,221.20,282.60,444.00,478.80,764.80,1605.20,476.60
1192,98.80,128.20,202.70,221.20,282.60,443.80,478.60,764.60,1604.40,476.40
1193,98.80,128.20,202.60,221.10,282.40,443.60,478.40,764.20,1603.80,476.20
1194,98.80,128.10,202.50,221.00,282.40,443.40,478.20,763.80,1603.00,476.00
1195,98.70,128.10,202.40,220.90,282.20,443.20,478.00,763.60,1602.40,475.60
1196,98.70,128.00,202.30,220.80,282.20,443.00,477.80,763.20,1601.60,475.40
1197,98.60,128.00,202.20,220.70,282.00,442.80,477.60,762.80,1601.00,475.20
1198,98.60,127.90,202.10,220.60,281.80,442.80,477.40,762.60,1600.20,475.00
1199,98.60,127.90,202.10,220.50,281.80,442.60,477.20,762.20,1599.60,474.80
1200,98.50,127.80,202.00,220.40,281.60,442.40,477.00,761.80,1598.80,474.60
